-- MySQL Administrator dump 1.4
--
-- ------------------------------------------------------
-- Server version	5.0.77-community-nt


/*!40101 SET @OLD_CHARACTER_SET_CLIENT=@@CHARACTER_SET_CLIENT */;
/*!40101 SET @OLD_CHARACTER_SET_RESULTS=@@CHARACTER_SET_RESULTS */;
/*!40101 SET @OLD_COLLATION_CONNECTION=@@COLLATION_CONNECTION */;
/*!40101 SET NAMES utf8 */;

/*!40014 SET @OLD_UNIQUE_CHECKS=@@UNIQUE_CHECKS, UNIQUE_CHECKS=0 */;
/*!40014 SET @OLD_FOREIGN_KEY_CHECKS=@@FOREIGN_KEY_CHECKS, FOREIGN_KEY_CHECKS=0 */;
/*!40101 SET @OLD_SQL_MODE=@@SQL_MODE, SQL_MODE='NO_AUTO_VALUE_ON_ZERO' */;


--
-- Create schema project
--

CREATE DATABASE IF NOT EXISTS project;
USE project;

--
-- Definition of table `account`
--

DROP TABLE IF EXISTS `account`;
CREATE TABLE `account` (
  `account_no` bigint(20) unsigned NOT NULL auto_increment,
  `holder_name` varchar(45) NOT NULL,
  `balance` bigint(20) unsigned NOT NULL,
  `card_no` bigint(20) unsigned NOT NULL,
  `pin` int(10) unsigned NOT NULL,
  `expiry_date` varchar(45) NOT NULL,
  `email_id` varchar(45) NOT NULL,
  `mobile` bigint(20) unsigned NOT NULL,
  `address` varchar(45) NOT NULL,
  `cvv` int(10) unsigned NOT NULL,
  PRIMARY KEY  (`account_no`)
) ENGINE=InnoDB AUTO_INCREMENT=789123457 DEFAULT CHARSET=latin1;

--
-- Dumping data for table `account`
--

/*!40000 ALTER TABLE `account` DISABLE KEYS */;
INSERT INTO `account` (`account_no`,`holder_name`,`balance`,`card_no`,`pin`,`expiry_date`,`email_id`,`mobile`,`address`,`cvv`) VALUES 
 (123456789,'Akshay',98434,111111,1111,'01/11/2032','akshya@gmail.com',9904209211,'Lucknow',123),
 (234567891,'Anumeha',198434,222222,2222,'01/12/2032','anumeha@gmail.com',9988776655,'Varanasi',234),
 (345678912,'Yogendra',100000,333333,3333,'01/13/2030','yogi@gmail.com',9914209211,'Raibareli',345),
 (456789123,'Ravi',98434,444444,4444,'01/14/2030','ravi@gmail.com',9924209211,'Varanasi',456),
 (567891234,'Shivangi',200000,555555,5555,'01/15/2030','shivi@gmail.com',8877665544,'Lucknow',567),
 (678912345,'Sushmna',150000,666666,6666,'01/16/2032','sush@gmail.com',7766554433,'Lucknow',789),
 (789123456,'Shreya',150000,777777,7777,'01/17/2032','shreya@gmail.com',665544332,'Bareli',890);
/*!40000 ALTER TABLE `account` ENABLE KEYS */;


--
-- Definition of table `coach`
--

DROP TABLE IF EXISTS `coach`;
CREATE TABLE `coach` (
  `s.no` int(10) unsigned NOT NULL auto_increment,
  `coach_no` varchar(45) NOT NULL,
  `seat` varchar(45) NOT NULL,
  `seat_type` varchar(45) NOT NULL,
  `coach_type` varchar(45) NOT NULL,
  PRIMARY KEY  USING BTREE (`s.no`)
) ENGINE=InnoDB AUTO_INCREMENT=601 DEFAULT CHARSET=latin1;

--
-- Dumping data for table `coach`
--

/*!40000 ALTER TABLE `coach` DISABLE KEYS */;
INSERT INTO `coach` (`s.no`,`coach_no`,`seat`,`seat_type`,`coach_type`) VALUES 
 (1,'AC1','1','UPPER','AC'),
 (2,'AC1','2','LOWER','AC'),
 (3,'AC1','3','MIDDLE','AC'),
 (4,'AC1','4','UPPER','AC'),
 (5,'AC1','5','LOWER','AC'),
 (6,'SL1','1','MIDDLE','SL'),
 (7,'SL1','2','UPPER','SL'),
 (8,'SL1','3','LOWER','SL'),
 (9,'SL1','4','MIDDLE','SL'),
 (10,'SL1','5','UPPER','SL'),
 (11,'CC1','1','WINDOW','CC'),
 (12,'CC1','2','SIDE','CC'),
 (13,'CC1','3','WINDOW','CC'),
 (14,'CC1','4','SIDE','CC'),
 (15,'CC1','5','WINDOW','CC'),
 (16,'AC2','1','UPPER','AC'),
 (17,'AC2','2','LOWER','AC'),
 (18,'AC2','3','MIDDLE','AC'),
 (19,'AC2','4','UPPER','AC'),
 (20,'AC2','5','LOWER','AC'),
 (21,'AC3','1','UPPER','AC'),
 (22,'AC3','2','LOWER','AC'),
 (23,'AC3','3','MIDDLE','AC'),
 (24,'AC3','4','UPPER','AC'),
 (25,'AC3','5','LOWER','AC'),
 (26,'AC4','1','UPPER','AC'),
 (27,'AC4','2','LOWER','AC'),
 (28,'AC4','3','MIDDLE','AC'),
 (29,'AC4','4','UPPER','AC'),
 (30,'AC4','5','LOWER','AC'),
 (31,'AC5','1','UPPER','AC'),
 (32,'AC5','2','LOWER','AC'),
 (33,'AC5','3','MIDDLE','AC'),
 (34,'AC5','4','UPPER','AC'),
 (35,'AC5','5','LOWER','AC'),
 (36,'AC6','1','UPPER','AC'),
 (37,'AC6','2','LOWER','AC'),
 (38,'AC6','3','MIDDLE','AC'),
 (39,'AC6','4','UPPER','AC'),
 (40,'AC6','5','LOWER','AC'),
 (41,'AC7','1','UPPER','AC'),
 (42,'AC7','2','LOWER','AC'),
 (43,'AC7','3','MIDDLE','AC'),
 (44,'AC7','4','UPPER','AC'),
 (45,'AC7','5','LOWER','AC'),
 (46,'AC8','1','UPPER','AC'),
 (47,'AC8','2','LOWER','AC'),
 (48,'AC8','3','MIDDLE','AC'),
 (49,'AC8','4','UPPER','AC'),
 (50,'AC8','5','LOWER','AC'),
 (51,'AC9','1','UPPER','AC'),
 (52,'AC9','2','LOWER','AC'),
 (53,'AC9','3','MIDDLE','AC'),
 (54,'AC9','4','UPPER','AC'),
 (55,'AC9','5','LOWER','AC'),
 (56,'AC10','1','UPPER','AC'),
 (57,'AC10','2','LOWER','AC'),
 (58,'AC10','3','MIDDLE','AC'),
 (59,'AC10','4','UPPER','AC'),
 (60,'AC10','5','LOWER','AC'),
 (61,'SL2','1','UPPER','SL'),
 (62,'SL2 ','2','LOWER','SL'),
 (63,'SL2','3','MIDDLE','SL'),
 (64,'SL2','4','UPPER','SL'),
 (65,'SL2','5','LOWER','SL'),
 (66,'SL3','1','UPPER','SL'),
 (67,'SL3','2','LOWER','SL'),
 (68,'SL3','3','MIDDLE','SL'),
 (69,'SL3','4','UPPER','SL'),
 (70,'SL3','5','LOWER','SL'),
 (71,'SL4','1','UPPER','SL'),
 (72,'SL4','2','LOWER','SL'),
 (73,'SL4','3','MIDDLE','SL'),
 (74,'SL4','4','UPPER','SL'),
 (75,'SL4','5','LOWER','SL'),
 (76,'SL5','1','UPPER','SL'),
 (77,'SL5','2','LOWER','SL'),
 (78,'SL5','3','MIDDLE','SL'),
 (79,'SL5','4','UPPER','SL'),
 (80,'SL5','5','LOWER','SL'),
 (81,'SL6','1','UPPER','SL'),
 (82,'SL6','2','LOWER','SL'),
 (83,'SL6','3','MIDDLE','SL'),
 (84,'SL6','4','UPPER','SL'),
 (85,'SL6','5','LOWER','SL'),
 (86,'SL7','1','UPPER','SL'),
 (87,'SL7','2','LOWER','SL'),
 (88,'SL7','3','MIDDLE','SL'),
 (89,'SL7','4','UPPER','SL'),
 (90,'SL7','5','LOWER','SL'),
 (91,'SL8','1','UPPER','SL'),
 (92,'SL8','2','LOWER','SL'),
 (93,'SL8','3','MIDDLE','SL'),
 (94,'SL8','4','UPPER','SL'),
 (95,'SL8','5','LOWER','SL'),
 (96,'SL9','1','UPPER','SL'),
 (97,'SL9','2','LOWER','SL'),
 (98,'SL9','3','MIDDLE','SL'),
 (99,'SL9','4','UPPER','SL'),
 (100,'SL9','5','LOWER','SL'),
 (101,'SL10','1','UPPER','SL'),
 (102,'SL10','2','LOWER','SL'),
 (103,'SL10','3','MIDDLE','SL'),
 (104,'SL10','4','UPPER','SL'),
 (105,'SL10','5','LOWER','SL'),
 (106,'CC2','1','WINDOW','CC'),
 (107,'CC2','2','SIDE','CC'),
 (108,'CC2','3','WINDOW','CC'),
 (109,'CC2','4','SIDE','CC'),
 (110,'CC2','5','WINDOW','CC'),
 (111,'CC3','1','WINDOW','CC'),
 (112,'CC3','2','SIDE','CC'),
 (113,'CC3','3','WINDOW','CC'),
 (114,'CC3','4','SIDE','CC'),
 (115,'CC3','5','WINDOW','CC'),
 (116,'CC4','1','WINDOW','CC'),
 (117,'CC4','2','SIDE','CC'),
 (118,'CC4','3','WINDOW','CC'),
 (119,'CC4','4','SIDE','CC'),
 (120,'CC4','5','WINDOW','CC'),
 (121,'CC5','1','WINDOW','CC'),
 (122,'CC5','2','SIDE','CC'),
 (123,'CC5','3','WINDOW','CC'),
 (124,'CC5','4','SIDE','CC'),
 (125,'CC5','5','WINDOW','CC'),
 (126,'CC6','1','WINDOW','CC'),
 (127,'CC6','2','SIDE','CC'),
 (128,'CC6','3','WINDOW','CC'),
 (129,'CC6','4','SIDE','CC'),
 (130,'CC6','5','WINDOW','CC'),
 (131,'CC7','1','WINDOW','CC'),
 (132,'CC7','2','SIDE','CC'),
 (133,'CC7','3','WINDOW','CC'),
 (134,'CC7','4','SIDE','CC'),
 (135,'CC7','5','WINDOW','CC'),
 (136,'CC8','1','WINDOW','CC'),
 (137,'CC8','2','SIDE','CC'),
 (138,'CC8','3','WINDOW','CC'),
 (139,'CC8','4','SIDE','CC'),
 (140,'CC8','5','WINDOW','CC'),
 (141,'CC9','1','WINDOW','CC'),
 (142,'CC9','2','SIDE','CC'),
 (143,'CC9','3','WINDOW','CC'),
 (144,'CC9','4','SIDE','CC'),
 (145,'CC9','5','WINDOW','CC'),
 (146,'CC10','1','WINDOW','CC'),
 (147,'CC10','2','SIDE','CC'),
 (148,'CC10','3','WINDOW','CC'),
 (149,'CC10','4','SIDE','CC'),
 (150,'CC10','5','WINDOW','CC'),
 (151,'AC2','6','UPPER','AC'),
 (152,'AC2','7','LOWER','AC'),
 (153,'AC2','8','MIDDLE','AC'),
 (154,'AC2','9','UPPER','AC'),
 (155,'AC2','10','LOWER','AC'),
 (156,'AC2','11','MIDDLE','AC'),
 (157,'AC2','12','UPPER','AC'),
 (158,'AC2','13','LOWER','AC'),
 (159,'AC2','14','MIDDLE','AC'),
 (160,'AC2','15','UPPER','AC'),
 (161,'AC2','16','LOWER','AC'),
 (162,'AC2','17','MIDDLE','AC'),
 (163,'AC2','18','UPPER','AC'),
 (164,'AC2','19','LOWER','AC'),
 (165,'AC2','20','MIDDLE','AC'),
 (166,'AC3','6','UPPER','AC'),
 (167,'AC3','7','LOWER','AC'),
 (168,'AC3','8','MIDDLE','AC'),
 (169,'AC3','9','UPPER','AC'),
 (170,'AC3','10','LOWER','AC'),
 (171,'AC3','11','MIDDLE','AC'),
 (172,'AC3','12','UPPER','AC'),
 (173,'AC3','13','LOWER','AC'),
 (174,'AC3','14','MIDDLE','AC'),
 (175,'AC3','15','UPPER','AC'),
 (176,'AC3','16','LOWER','AC'),
 (177,'AC3','17','MIDDLE','AC'),
 (178,'AC3','18','UPPER','AC'),
 (179,'AC3','19','LOWER','AC'),
 (180,'AC3','20','MIDDLE','AC'),
 (181,'AC4','6','UPPER','AC'),
 (182,'AC4','7','LOWER','AC'),
 (183,'AC4','8','MIDDLE','AC'),
 (184,'AC4','9','UPPER','AC'),
 (185,'AC4','10','LOWER','AC'),
 (186,'AC4','11','MIDDLE','AC'),
 (187,'AC4','12','UPPER','AC'),
 (188,'AC4','13','LOWER','AC'),
 (189,'AC4','14','MIDDLE','AC'),
 (190,'AC4','15','UPPER','AC'),
 (191,'AC4','16','LOWER','AC'),
 (192,'AC4','17','MIDDLE','AC'),
 (193,'AC4','18','UPPER','AC'),
 (194,'AC4','19','LOWER','AC'),
 (195,'AC4','20','MIDDLE','AC'),
 (196,'AC5','6','UPPER','AC'),
 (197,'AC5','7','LOWER','AC'),
 (198,'AC5','8','MIDDLE','AC'),
 (199,'AC5','9','UPPER','AC'),
 (200,'AC5','10','LOWER','AC'),
 (201,'AC5','11','MIDDLE','AC'),
 (202,'AC5','12','UPPER','AC'),
 (203,'AC5','13','LOWER','AC'),
 (204,'AC5','14','MIDDLE','AC'),
 (205,'AC5','15','UPPER','AC'),
 (206,'AC5','16','LOWER','AC'),
 (207,'AC5','17','MIDDLE','AC'),
 (208,'AC5','18','UPPER','AC'),
 (209,'AC5','19','LOWER','AC'),
 (210,'AC5','20','MIDDLE','AC'),
 (211,'AC6','6','UPPER','AC'),
 (212,'AC6','7','LOWER','AC'),
 (213,'AC6','8','MIDDLE','AC'),
 (214,'AC6','9','UPPER','AC'),
 (215,'AC6','10','LOWER','AC'),
 (216,'AC6','11','MIDDLE','AC'),
 (217,'AC6','12','UPPER','AC'),
 (218,'AC6','13','LOWER','AC'),
 (219,'AC6','14','MIDDLE','AC'),
 (220,'AC6','15','UPPER','AC'),
 (221,'AC6','16','LOWER','AC'),
 (222,'AC6','17','MIDDLE','AC'),
 (223,'AC6','18','UPPER','AC'),
 (224,'AC6','19','LOWER','AC'),
 (225,'AC6','20','MIDDLE','AC'),
 (226,'AC7','6','UPPER','AC'),
 (227,'AC7','7','LOWER','AC'),
 (228,'AC7','8','MIDDLE','AC'),
 (229,'AC7','9','UPPER','AC'),
 (230,'AC7','10','LOWER','AC'),
 (231,'AC7','11','MIDDLE','AC'),
 (232,'AC7','12','UPPER','AC'),
 (233,'AC7','13','LOWER','AC'),
 (234,'AC7','14','MIDDLE','AC'),
 (235,'AC7','15','UPPER','AC'),
 (236,'AC7','16','LOWER','AC'),
 (237,'AC7','17','MIDDLE','AC'),
 (238,'AC7','18','UPPER','AC'),
 (239,'AC7','19','LOWER','AC'),
 (240,'AC7','20','MIDDLE','AC'),
 (241,'AC8','6','UPPER','AC'),
 (242,'AC8','7','LOWER','AC'),
 (243,'AC8','8','MIDDLE','AC'),
 (244,'AC8','9','UPPER','AC'),
 (245,'AC8','10','LOWER','AC'),
 (246,'AC8','11','MIDDLE','AC'),
 (247,'AC8','12','UPPER','AC'),
 (248,'AC8','13','LOWER','AC'),
 (249,'AC8','14','MIDDLE','AC'),
 (250,'AC8','15','UPPER','AC'),
 (251,'AC8','16','LOWER','AC'),
 (252,'AC8','17','MIDDLE','AC'),
 (253,'AC8','18','UPPER','AC'),
 (254,'AC8','19','LOWER','AC'),
 (255,'AC8','20','MIDDLE','AC'),
 (256,'AC9','6','UPPER','AC'),
 (257,'AC9','7','LOWER','AC'),
 (258,'AC9','8','MIDDLE','AC'),
 (259,'AC9','9','UPPER','AC'),
 (260,'AC9','10','LOWER','AC'),
 (261,'AC9','11','MIDDLE','AC'),
 (262,'AC9','12','UPPER','AC'),
 (263,'AC9','13','LOWER','AC'),
 (264,'AC9','14','MIDDLE','AC'),
 (265,'AC9','15','UPPER','AC'),
 (266,'AC9','16','LOWER','AC'),
 (267,'AC9','17','MIDDLE','AC'),
 (268,'AC9','18','UPPER','AC'),
 (269,'AC9','19','LOWER','AC'),
 (270,'AC9','20','MIDDLE','AC'),
 (271,'AC10','6','UPPER','AC'),
 (272,'AC10','7','LOWER','AC'),
 (273,'AC10','8','MIDDLE','AC'),
 (274,'AC10','9','UPPER','AC'),
 (275,'AC10','10','LOWER','AC'),
 (276,'AC10','11','MIDDLE','AC'),
 (277,'AC10','12','UPPER','AC'),
 (278,'AC10','13','LOWER','AC'),
 (279,'AC10','14','MIDDLE','AC'),
 (280,'AC10','15','UPPER','AC'),
 (281,'AC10','16','LOWER','AC'),
 (282,'AC10','17','MIDDLE','AC'),
 (283,'AC10','18','UPPER','AC'),
 (284,'AC10','19','LOWER','AC'),
 (285,'AC10','20','MIDDLE','AC'),
 (286,'SL2','6','UPPER','SL'),
 (287,'SL2','7','LOWER','SL'),
 (288,'SL2','8','MIDDLE','SL'),
 (289,'SL2','9','UPPER','SL'),
 (290,'SL2','10','LOWER','SL'),
 (291,'SL2','11','MIDDLE','SL'),
 (292,'SL2','12','UPPER','SL'),
 (293,'SL2','13','LOWER','SL'),
 (294,'SL2','14','MIDDLE','SL'),
 (295,'SL2','15','UPPER','SL'),
 (296,'SL2','16','LOWER','SL'),
 (297,'SL2','17','MIDDLE','SL'),
 (298,'SL2','18','UPPER','SL'),
 (299,'SL2','19','LOWER','SL'),
 (300,'SL2','20','MIDDLE','SL'),
 (301,'SL3','6','UPPER','SL'),
 (302,'SL3','7','LOWER','SL'),
 (303,'SL3','8','MIDDLE','SL'),
 (304,'SL3','9','UPPER','SL'),
 (305,'SL3','10','LOWER','SL'),
 (306,'SL3','11','MIDDLE','SL'),
 (307,'SL3','12','UPPER','SL'),
 (308,'SL3','13','LOWER','SL'),
 (309,'SL3','14','MIDDLE','SL'),
 (310,'SL3','15','UPPER','SL'),
 (311,'SL3','16','LOWER','SL'),
 (312,'SL3','17','MIDDLE','SL'),
 (313,'SL3','18','UPPER','SL'),
 (314,'SL3','19','LOWER','SL'),
 (315,'SL3','20','MIDDLE','SL'),
 (316,'SL4','6','UPPER','SL'),
 (317,'SL4','7','LOWER','SL'),
 (318,'SL4','8','MIDDLE','SL'),
 (319,'SL4','9','UPPER','SL'),
 (320,'SL4','10','LOWER','SL'),
 (321,'SL4','11','MIDDLE','SL'),
 (322,'SL4','12','UPPER','SL'),
 (323,'SL4','13','LOWER','SL'),
 (324,'SL4','14','MIDDLE','SL'),
 (325,'SL4','15','UPPER','SL'),
 (326,'SL4','16','LOWER','SL'),
 (327,'SL4','17','MIDDLE','SL'),
 (328,'SL4','18','UPPER','SL'),
 (329,'SL4','19','LOWER','SL'),
 (330,'SL4','20','MIDDLE','SL'),
 (331,'SL5','6','UPPER','SL'),
 (332,'SL5','7','LOWER','SL'),
 (333,'SL5','8','MIDDLE','SL'),
 (334,'SL5','9','UPPER','SL'),
 (335,'SL5','10','LOWER','SL'),
 (336,'SL5','11','MIDDLE','SL'),
 (337,'SL5','12','UPPER','SL'),
 (338,'SL5','13','LOWER','SL'),
 (339,'SL5','14','MIDDLE','SL'),
 (340,'SL5','15','UPPER','SL'),
 (341,'SL5','16','LOWER','SL'),
 (342,'SL5','17','MIDDLE','SL'),
 (343,'SL5','18','UPPER','SL'),
 (344,'SL5','19','LOWER','SL'),
 (345,'SL5','20','MIDDLE','SL'),
 (346,'SL6','6','UPPER','SL'),
 (347,'SL6','7','LOWER','SL'),
 (348,'SL6','8','MIDDLE','SL'),
 (349,'SL6','9','UPPER','SL'),
 (350,'SL6','10','LOWER','SL'),
 (351,'SL6','11','MIDDLE','SL'),
 (352,'SL6','12','UPPER','SL'),
 (353,'SL6','13','LOWER','SL'),
 (354,'SL6','14','MIDDLE','SL'),
 (355,'SL6','15','UPPER','SL'),
 (356,'SL6','16','LOWER','SL'),
 (357,'SL6','17','MIDDLE','SL'),
 (358,'SL6','18','UPPER','SL'),
 (359,'SL6','19','LOWER','SL'),
 (360,'SL6','20','MIDDLE','SL'),
 (361,'SL7','6','UPPER','SL'),
 (362,'SL7','7','LOWER','SL'),
 (363,'SL7','8','MIDDLE','SL'),
 (364,'SL7','9','UPPER','SL'),
 (365,'SL7','10','LOWER','SL'),
 (366,'SL7','11','MIDDLE','SL'),
 (367,'SL7','12','UPPER','SL'),
 (368,'SL7','13','LOWER','SL'),
 (369,'SL7','14','MIDDLE','SL'),
 (370,'SL7','15','UPPER','SL'),
 (371,'SL7','16','LOWER','SL'),
 (372,'SL7','17','MIDDLE','SL'),
 (373,'SL7','18','UPPER','SL'),
 (374,'SL7','19','LOWER','SL'),
 (375,'SL7','20','MIDDLE','SL'),
 (376,'SL8','6','UPPER','SL'),
 (377,'SL8','7','LOWER','SL'),
 (378,'SL8','8','MIDDLE','SL'),
 (379,'SL8','9','UPPER','SL'),
 (380,'SL8','10','LOWER','SL'),
 (381,'SL8','11','MIDDLE','SL'),
 (382,'SL8','12','UPPER','SL'),
 (383,'SL8','13','LOWER','SL'),
 (384,'SL8','14','MIDDLE','SL'),
 (385,'SL8','15','UPPER','SL'),
 (386,'SL8','16','LOWER','SL'),
 (387,'SL8','17','MIDDLE','SL'),
 (388,'SL8','18','UPPER','SL'),
 (389,'SL8','19','LOWER','SL'),
 (390,'SL8','20','MIDDLE','SL'),
 (391,'SL9','6','UPPER','SL'),
 (392,'SL9','7','LOWER','SL'),
 (393,'SL9','8','MIDDLE','SL'),
 (394,'SL9','9','UPPER','SL'),
 (395,'SL9','10','LOWER','SL'),
 (396,'SL9','11','MIDDLE','SL'),
 (397,'SL9','12','UPPER','SL'),
 (398,'SL9','13','LOWER','SL'),
 (399,'SL9','14','MIDDLE','SL'),
 (400,'SL9','15','UPPER','SL'),
 (401,'SL9','16','LOWER','SL'),
 (402,'SL9','17','MIDDLE','SL'),
 (403,'SL9','18','UPPER','SL'),
 (404,'SL9','19','LOWER','SL'),
 (405,'SL9','20','MIDDLE','SL'),
 (406,'SL10','6','UPPER','SL'),
 (407,'SL10','7','LOWER','SL'),
 (408,'SL10','8','MIDDLE','SL'),
 (409,'SL10','9','UPPER','SL'),
 (410,'SL10','10','LOWER','SL'),
 (411,'SL10','11','MIDDLE','SL'),
 (412,'SL10','12','UPPER','SL'),
 (413,'SL10','13','LOWER','SL'),
 (414,'SL10','14','MIDDLE','SL'),
 (415,'SL10','15','UPPER','SL'),
 (416,'SL10','16','LOWER','SL'),
 (417,'SL10','17','MIDDLE','SL'),
 (418,'SL10','18','UPPER','SL'),
 (419,'SL10','19','LOWER','SL'),
 (420,'SL10','20','MIDDLE','SL'),
 (421,'AC1','6','UPPER','AC'),
 (422,'AC1','7','LOWER','AC'),
 (423,'AC1','8','MIDDLE','AC'),
 (424,'AC1','9','UPPER','AC'),
 (425,'AC1','10','LOWER','AC'),
 (426,'AC1','11','MIDDLE','AC'),
 (427,'AC1','12','UPPER','AC'),
 (428,'AC1','13','LOWER','AC'),
 (429,'AC1','14','MIDDLE','AC'),
 (430,'AC1','15','UPPER','AC'),
 (431,'AC1','16','LOWER','AC'),
 (432,'AC1','17','MIDDLE','AC'),
 (433,'AC1','18','UPPER','AC'),
 (434,'AC1','19','LOWER','AC'),
 (435,'AC1','20','MIDDLE','AC'),
 (436,'SL1','6','UPPER','SL'),
 (437,'SL1','7','LOWER','SL'),
 (438,'SL1','8','MIDDLE','SL'),
 (439,'SL1','9','UPPER','SL'),
 (440,'SL1','10','LOWER','SL'),
 (441,'SL1','11','MIDDLE','SL'),
 (442,'SL1','12','UPPER','SL'),
 (443,'SL1','13','LOWER','SL'),
 (444,'SL1','14','MIDDLE','SL'),
 (445,'SL1','15','UPPER','SL'),
 (446,'SL1','16','LOWER','SL'),
 (447,'SL1','17','MIDDLE','SL'),
 (448,'SL1','18','UPPER','SL'),
 (449,'SL1','19','LOWER','SL'),
 (450,'SL1','20','MIDDLE','SL'),
 (451,'CC1','6','WINDOW','CC'),
 (452,'CC1','7','SIDE','CC'),
 (453,'CC1','8','WINDOW','CC'),
 (454,'CC1','9','SIDE','CC'),
 (455,'CC1','10','WINDOW','CC'),
 (456,'CC1','11','SIDE','CC'),
 (457,'CC1','12','WINDOW','CC'),
 (458,'CC1','13','SIDE','CC'),
 (459,'CC1','14','WINDOW','CC'),
 (460,'CC1','15','SIDE','CC'),
 (461,'CC1','16','WINDOW','CC'),
 (462,'CC1','17','SIDE','CC'),
 (463,'CC1','18','WINDOW','CC'),
 (464,'CC1','19','SIDE','CC'),
 (465,'CC1','20','WINDOW','CC'),
 (466,'CC2','6','WINDOW','CC'),
 (467,'CC2','7','SIDE','CC'),
 (468,'CC2','8','WINDOW','CC'),
 (469,'CC2','9','SIDE','CC'),
 (470,'CC2','10','WINDOW','CC'),
 (471,'CC2','11','SIDE','CC'),
 (472,'CC2','12','WINDOW','CC'),
 (473,'CC2','13','SIDE','CC'),
 (474,'CC2','14','WINDOW','CC'),
 (475,'CC2','15','SIDE','CC'),
 (476,'CC2','16','WINDOW','CC'),
 (477,'CC2','17','SIDE','CC'),
 (478,'CC2','18','WINDOW','CC'),
 (479,'CC2','19','SIDE','CC'),
 (480,'CC2','20','WINDOW','CC'),
 (481,'CC3','6','WINDOW','CC'),
 (482,'CC3','7','SIDE','CC'),
 (483,'CC3','8','WINDOW','CC'),
 (484,'CC3','9','SIDE','CC'),
 (485,'CC3','10','WINDOW','CC'),
 (486,'CC3','11','SIDE','CC'),
 (487,'CC3','12','WINDOW','CC'),
 (488,'CC3','13','SIDE','CC'),
 (489,'CC3','14','WINDOW','CC'),
 (490,'CC3','15','SIDE','CC'),
 (491,'CC3','16','WINDOW','CC'),
 (492,'CC3','17','SIDE','CC'),
 (493,'CC3','18','WINDOW','CC'),
 (494,'CC3','19','SIDE','CC'),
 (495,'CC3','20','WINDOW','CC'),
 (496,'CC4','6','WINDOW','CC'),
 (497,'CC4','7','SIDE','CC'),
 (498,'CC4','8','WINDOW','CC'),
 (499,'CC4','9','SIDE','CC'),
 (500,'CC4','10','WINDOW','CC'),
 (501,'CC4','11','SIDE','CC'),
 (502,'CC4','12','WINDOW','CC'),
 (503,'CC4','13','SIDE','CC'),
 (504,'CC4','14','WINDOW','CC'),
 (505,'CC4','15','SIDE','CC'),
 (506,'CC4','16','WINDOW','CC'),
 (507,'CC4','17','SIDE','CC'),
 (508,'CC4','18','WINDOW','CC'),
 (509,'CC4','19','SIDE','CC'),
 (510,'CC4','20','WINDOW','CC'),
 (511,'CC5','6','WINDOW','CC'),
 (512,'CC5','7','SIDE','CC'),
 (513,'CC5','8','WINDOW','CC'),
 (514,'CC5','9','SIDE','CC'),
 (515,'CC5','10','WINDOW','CC'),
 (516,'CC5','11','SIDE','CC'),
 (517,'CC5','12','WINDOW','CC'),
 (518,'CC5','13','SIDE','CC'),
 (519,'CC5','14','WINDOW','CC'),
 (520,'CC5','15','SIDE','CC'),
 (521,'CC5','16','WINDOW','CC'),
 (522,'CC5','17','SIDE','CC'),
 (523,'CC5','18','WINDOW','CC'),
 (524,'CC5','19','SIDE','CC'),
 (525,'CC5','20','WINDOW','CC'),
 (526,'CC6','6','WINDOW','CC'),
 (527,'CC6','7','SIDE','CC'),
 (528,'CC6','8','WINDOW','CC'),
 (529,'CC6','9','SIDE','CC'),
 (530,'CC6','10','WINDOW','CC'),
 (531,'CC6','11','SIDE','CC'),
 (532,'CC6','12','WINDOW','CC'),
 (533,'CC6','13','SIDE','CC'),
 (534,'CC6','14','WINDOW','CC'),
 (535,'CC6','15','SIDE','CC'),
 (536,'CC6','16','WINDOW','CC'),
 (537,'CC6','17','SIDE','CC'),
 (538,'CC6','18','WINDOW','CC'),
 (539,'CC6','19','SIDE','CC'),
 (540,'CC6','20','WINDOW','CC'),
 (541,'CC7','6','WINDOW','CC'),
 (542,'CC7','7','SIDE','CC'),
 (543,'CC7','8','WINDOW','CC'),
 (544,'CC7','9','SIDE','CC'),
 (545,'CC7','10','WINDOW','CC'),
 (546,'CC7','11','SIDE','CC'),
 (547,'CC7','12','WINDOW','CC'),
 (548,'CC7','13','SIDE','CC'),
 (549,'CC7','14','WINDOW','CC'),
 (550,'CC7','15','SIDE','CC'),
 (551,'CC7','16','WINDOW','CC'),
 (552,'CC7','17','SIDE','CC'),
 (553,'CC7','18','WINDOW','CC'),
 (554,'CC7','19','SIDE','CC'),
 (555,'CC7','20','WINDOW','CC'),
 (556,'CC8','6','WINDOW','CC'),
 (557,'CC8','7','SIDE','CC'),
 (558,'CC8','8','WINDOW','CC'),
 (559,'CC8','9','SIDE','CC'),
 (560,'CC8','10','WINDOW','CC'),
 (561,'CC8','11','SIDE','CC'),
 (562,'CC8','12','WINDOW','CC'),
 (563,'CC8','13','SIDE','CC'),
 (564,'CC8','14','WINDOW','CC'),
 (565,'CC8','15','SIDE','CC'),
 (566,'CC8','16','WINDOW','CC'),
 (567,'CC8','17','SIDE','CC'),
 (568,'CC8','18','WINDOW','CC'),
 (569,'CC8','19','SIDE','CC'),
 (570,'CC8','20','WINDOW','CC'),
 (571,'CC9','6','WINDOW','CC'),
 (572,'CC9','7','SIDE','CC'),
 (573,'CC9','8','WINDOW','CC'),
 (574,'CC9','9','SIDE','CC'),
 (575,'CC9','10','WINDOW','CC'),
 (576,'CC9','11','SIDE','CC'),
 (577,'CC9','12','WINDOW','CC'),
 (578,'CC9','13','SIDE','CC'),
 (579,'CC9','14','WINDOW','CC'),
 (580,'CC9','15','SIDE','CC'),
 (581,'CC9','16','WINDOW','CC'),
 (582,'CC9','17','SIDE','CC'),
 (583,'CC9','18','WINDOW','CC'),
 (584,'CC9','19','SIDE','CC'),
 (585,'CC9','20','WINDOW','CC'),
 (586,'CC10','6','WINDOW','CC'),
 (587,'CC10','7','SIDE','CC'),
 (588,'CC10','8','WINDOW','CC'),
 (589,'CC10','9','SIDE','CC'),
 (590,'CC10','10','WINDOW','CC'),
 (591,'CC10','11','SIDE','CC'),
 (592,'CC10','12','WINDOW','CC'),
 (593,'CC10','13','SIDE','CC'),
 (594,'CC10','14','WINDOW','CC'),
 (595,'CC10','15','SIDE','CC'),
 (596,'CC10','16','WINDOW','CC'),
 (597,'CC10','17','SIDE','CC'),
 (598,'CC10','18','WINDOW','CC'),
 (599,'CC10','19','SIDE','CC'),
 (600,'CC10','20','WINDOW','CC');
/*!40000 ALTER TABLE `coach` ENABLE KEYS */;


--
-- Definition of table `login`
--

DROP TABLE IF EXISTS `login`;
CREATE TABLE `login` (
  `user_name` varchar(45) NOT NULL,
  `password` varchar(45) NOT NULL,
  PRIMARY KEY  (`user_name`)
) ENGINE=InnoDB DEFAULT CHARSET=latin1;

--
-- Dumping data for table `login`
--

/*!40000 ALTER TABLE `login` DISABLE KEYS */;
INSERT INTO `login` (`user_name`,`password`) VALUES 
 ('akshay','12345'),
 ('anumeha','12345'),
 ('ravi','12345'),
 ('shivangi','12345'),
 ('shreya','12345'),
 ('sushmna','12345'),
 ('yogendra','12345');
/*!40000 ALTER TABLE `login` ENABLE KEYS */;


--
-- Definition of table `station_code`
--

DROP TABLE IF EXISTS `station_code`;
CREATE TABLE `station_code` (
  `sta_code` varchar(45) NOT NULL,
  `sta_name` varchar(45) NOT NULL,
  PRIMARY KEY  (`sta_code`)
) ENGINE=InnoDB DEFAULT CHARSET=latin1;

--
-- Dumping data for table `station_code`
--

/*!40000 ALTER TABLE `station_code` DISABLE KEYS */;
INSERT INTO `station_code` (`sta_code`,`sta_name`) VALUES 
 ('AGC(Agra Cantt JN)','Agra Cantt JN'),
 ('ALD(Allahabad)','Allahabad'),
 ('ALIJN(Aligarh JN)','Aligarh JN.'),
 ('ANG(Ahmad Nagar)','Ahmad Nagar'),
 ('ASR(Amritsar JN)','Amritsar JN'),
 ('ATP(Anantapur)','Anantapur'),
 ('BDL(Vindhyachal)','Vindhyachal'),
 ('BJU(Barauni JN)','Barauni JN.'),
 ('BPL(Bhopal JN)','Bhopal JN'),
 ('BZA(Vijayvada)','Vijayvada'),
 ('CAPE(Kanyakumari)','Kanyakumari'),
 ('CNB(Kanpur Central)','Kanpur Central'),
 ('CSN(Chalisgaon JN)','Chalisgaon JN'),
 ('CSTM(Mumbai CST)','Mumbai CST'),
 ('DLI(Delhi)','Delhi'),
 ('ET(Itarsi JN)','Itarsi JN'),
 ('ETW(Etawah JN)','Etawah JN'),
 ('FBD(Farrukhabad)','Farrukhabad'),
 ('GAYA(Gaya)','Gaya'),
 ('GKP(Gorakhpur)','Gorakhpur'),
 ('GWL(Gwalior)','Gwalior'),
 ('GZB(Ghaziabad)','Ghaziabad'),
 ('HWH(Howrah)','Howrah'),
 ('INDB(Indore City)','Indore City'),
 ('JAT(Jammu Tawi)','Jammu Tawi'),
 ('JHS(Jhasi JN)','Jhasi JN'),
 ('KCG(Kacheguda)','Kacheguda'),
 ('KKDE(Kurukshetra)','Kurukshetra'),
 ('KNW(Khandwa)','Khandwa'),
 ('LDH(Ludhiana JN)','Ludhiana JN'),
 ('LJN(Lucknow JN)','Lucknow JN'),
 ('LKN(Lucknow City)','Lucknow City'),
 ('LKO(Lucknow)','Luclnow'),
 ('LTT(Lokmanyatilak T)','Lokmanyatilak T'),
 ('MAS(Chennai Central)','Chennai Central'),
 ('MDU(Madurai)','Madurai'),
 ('MFP(Muzaffarpur JN.)','Muzaffarpur JN'),
 ('MGS(MughalSarai JN)','MughalSarai JN'),
 ('MS(Chennai Egmore)','Chennai Egmore'),
 ('NDLS(New Delhi)','New Delhi'),
 ('NGP(Nagpur)','Nagpur'),
 ('NK(Nasik Road)','Nasik Road'),
 ('NZM(H Nizammudin)','H Nizammudin'),
 ('PNBE(Patna JN)','Patna JN'),
 ('PNP(Panipat)','Panipat'),
 ('PUNE(Pune)','Pune'),
 ('PURI(Puri)','Puri'),
 ('RC(Raichur)','Raichur'),
 ('SBC(Bangalore City JN)','Bangalore City JN'),
 ('SV(Siwan JN)','Siwan JN'),
 ('TATA(Tata)','Tata'),
 ('TDL(Tundla)','Tundla'),
 ('TPJ(Tiruchchirapali)','Tiruchchirapali'),
 ('UMB(Ambala City JN)','Ambala City JN'),
 ('UPJ(Ujjain JN)','Ujjain JN'),
 ('WL(Warangal)','Warangal'),
 ('YPR(Yeswantpur JN)','Yeswantpur JN');
/*!40000 ALTER TABLE `station_code` ENABLE KEYS */;


--
-- Definition of table `tblcitylist`
--

DROP TABLE IF EXISTS `tblcitylist`;
CREATE TABLE `tblcitylist` (
  `city_id` int(5) NOT NULL,
  `city_name` varchar(50) NOT NULL,
  `latitude` varchar(10) NOT NULL,
  `longitude` varchar(10) NOT NULL,
  `state` varchar(50) NOT NULL,
  PRIMARY KEY  (`city_id`)
) ENGINE=MyISAM DEFAULT CHARSET=latin1;

--
-- Dumping data for table `tblcitylist`
--

/*!40000 ALTER TABLE `tblcitylist` DISABLE KEYS */;
INSERT INTO `tblcitylist` (`city_id`,`city_name`,`latitude`,`longitude`,`state`) VALUES 
 (1,'Port Blair','11.67 N','92.76 E','Andaman and Nicobar Islands'),
 (2,'Adilabad','19.68 N','78.53 E','Andhra Pradesh'),
 (3,'Adoni','15.63 N','77.28 E','Andhra Pradesh'),
 (4,'Alwal','17.50 N','78.54 E','Andhra Pradesh'),
 (5,'Anakapalle','17.69 N','83.00 E','Andhra Pradesh'),
 (6,'Anantapur','14.70 N','77.59 E','Andhra Pradesh'),
 (7,'Bapatla','15.91 N','80.47 E','Andhra Pradesh'),
 (8,'Belampalli','19.06 N','79.49 E','Andhra Pradesh'),
 (9,'Bhimavaram','16.55 N','81.53 E','Andhra Pradesh'),
 (10,'Bhongir','17.52 N','78.88 E','Andhra Pradesh'),
 (11,'Bobbili','18.57 N','83.37 E','Andhra Pradesh'),
 (12,'Bodhan','18.66 N','77.88 E','Andhra Pradesh'),
 (13,'Chilakalurupet','16.10 N','80.16 E','Andhra Pradesh'),
 (14,'Chinna Chawk','14.47 N','78.83 E','Andhra Pradesh'),
 (15,'Chirala','15.84 N','80.35 E','Andhra Pradesh'),
 (16,'Chittur','13.22 N','79.10 E','Andhra Pradesh'),
 (17,'Cuddapah','14.48 N','78.81 E','Andhra Pradesh'),
 (18,'Dharmavaram','14.42 N','77.71 E','Andhra Pradesh'),
 (19,'Dhone','15.42 N','77.88 E','Andhra Pradesh'),
 (20,'Eluru','16.72 N','81.11 E','Andhra Pradesh'),
 (21,'Gaddiannaram','17.36 N','78.52 E','Andhra Pradesh'),
 (22,'Gadwal','16.23 N','77.80 E','Andhra Pradesh'),
 (23,'Gajuwaka','17.70 N','83.21 E','Andhra Pradesh'),
 (24,'Gudivada','16.44 N','81.00 E','Andhra Pradesh'),
 (25,'Gudur','14.15 N','79.84 E','Andhra Pradesh'),
 (26,'Guntakal','15.18 N','77.37 E','Andhra Pradesh'),
 (27,'Guntur','16.31 N','80.44 E','Andhra Pradesh'),
 (28,'Hindupur','13.83 N','77.48 E','Andhra Pradesh'),
 (29,'Hyderabad','17.40 N','78.48 E','Andhra Pradesh'),
 (30,'Jagtial','18.80 N','78.91 E','Andhra Pradesh'),
 (31,'Kadiri','14.12 N','78.16 E','Andhra Pradesh'),
 (32,'Kagaznagar','19.34 N','79.48 E','Andhra Pradesh'),
 (33,'Kakinada','16.96 N','82.24 E','Andhra Pradesh'),
 (34,'Kallur','15.69 N','77.77 E','Andhra Pradesh'),
 (35,'Kamareddi','18.32 N','78.35 E','Andhra Pradesh'),
 (36,'Kapra','17.37 N','78.48 E','Andhra Pradesh'),
 (37,'Karimnagar','18.45 N','79.13 E','Andhra Pradesh'),
 (38,'Karnul','15.83 N','78.03 E','Andhra Pradesh'),
 (39,'Kavali','14.92 N','79.99 E','Andhra Pradesh'),
 (40,'Khammam','17.25 N','80.15 E','Andhra Pradesh'),
 (41,'Kodar','16.98 N','79.97 E','Andhra Pradesh'),
 (42,'Kondukur','15.22 N','79.91 E','Andhra Pradesh'),
 (43,'Koratla','18.82 N','78.72 E','Andhra Pradesh'),
 (44,'Kottagudem','17.56 N','80.64 E','Andhra Pradesh'),
 (45,'Kukatpalle','17.49 N','78.41 E','Andhra Pradesh'),
 (46,'Lalbahadur Nagar','17.43 N','78.50 E','Andhra Pradesh'),
 (47,'Machilipatnam','16.19 N','81.14 E','Andhra Pradesh'),
 (48,'Mahbubnagar','16.74 N','77.98 E','Andhra Pradesh'),
 (49,'Malkajgiri','17.55 N','78.59 E','Andhra Pradesh'),
 (50,'Mancheral','18.88 N','79.45 E','Andhra Pradesh'),
 (51,'Mandamarri','18.97 N','79.47 E','Andhra Pradesh'),
 (52,'Mangalagiri','16.44 N','80.56 E','Andhra Pradesh'),
 (53,'Markapur','15.73 N','79.28 E','Andhra Pradesh'),
 (54,'Miryalaguda','16.87 N','79.57 E','Andhra Pradesh'),
 (55,'Nalgonda','17.06 N','79.26 E','Andhra Pradesh'),
 (56,'Nandyal','15.49 N','78.48 E','Andhra Pradesh'),
 (57,'Narasapur','16.45 N','81.70 E','Andhra Pradesh'),
 (58,'Narasaraopet','16.24 N','80.04 E','Andhra Pradesh'),
 (59,'Nellur','14.46 N','79.98 E','Andhra Pradesh'),
 (60,'Nirmal','19.12 N','78.35 E','Andhra Pradesh'),
 (61,'Nizamabad','18.68 N','78.10 E','Andhra Pradesh'),
 (62,'Nuzvid','16.78 N','80.85 E','Andhra Pradesh'),
 (63,'Ongole','15.50 N','80.05 E','Andhra Pradesh'),
 (64,'Palakollu','16.52 N','81.75 E','Andhra Pradesh'),
 (65,'Palasa','18.77 N','84.42 E','Andhra Pradesh'),
 (66,'Palwancha','17.60 N','80.68 E','Andhra Pradesh'),
 (67,'Patancheru','17.53 N','78.27 E','Andhra Pradesh'),
 (68,'Piduguralla','16.48 N','79.90 E','Andhra Pradesh'),
 (69,'Ponnur','16.07 N','80.56 E','Andhra Pradesh'),
 (70,'Proddatur','14.73 N','78.55 E','Andhra Pradesh'),
 (71,'Qutubullapur','17.43 N','78.47 E','Andhra Pradesh'),
 (72,'Rajamahendri','17.02 N','81.79 E','Andhra Pradesh'),
 (73,'Rajampet','14.18 N','79.17 E','Andhra Pradesh'),
 (74,'Rajendranagar','17.29 N','78.39 E','Andhra Pradesh'),
 (75,'Ramachandrapuram','17.56 N','78.04 E','Andhra Pradesh'),
 (76,'Ramagundam','18.80 N','79.45 E','Andhra Pradesh'),
 (77,'Rayachoti','14.05 N','78.75 E','Andhra Pradesh'),
 (78,'Rayadrug','14.70 N','76.87 E','Andhra Pradesh'),
 (79,'Samalkot','17.06 N','82.18 E','Andhra Pradesh'),
 (80,'Sangareddi','17.63 N','78.08 E','Andhra Pradesh'),
 (81,'Sattenapalle','16.40 N','80.18 E','Andhra Pradesh'),
 (82,'Serilungampalle','17.48 N','78.33 E','Andhra Pradesh'),
 (83,'Siddipet','18.11 N','78.84 E','Andhra Pradesh'),
 (84,'Sikandarabad','17.47 N','78.52 E','Andhra Pradesh'),
 (85,'Sirsilla','18.40 N','78.81 E','Andhra Pradesh'),
 (86,'Srikakulam','18.30 N','83.90 E','Andhra Pradesh'),
 (87,'Srikalahasti','13.76 N','79.70 E','Andhra Pradesh'),
 (88,'Suriapet','17.15 N','79.62 E','Andhra Pradesh'),
 (89,'Tadepalle','16.48 N','80.60 E','Andhra Pradesh'),
 (90,'Tadepallegudem','16.82 N','81.52 E','Andhra Pradesh'),
 (91,'Tadpatri','14.91 N','78.00 E','Andhra Pradesh'),
 (92,'Tandur','17.25 N','77.58 E','Andhra Pradesh'),
 (93,'Tanuku','16.75 N','81.69 E','Andhra Pradesh'),
 (94,'Tenali','16.24 N','80.65 E','Andhra Pradesh'),
 (95,'Tirupati','13.63 N','79.41 E','Andhra Pradesh'),
 (96,'Tuni','17.35 N','82.55 E','Andhra Pradesh'),
 (97,'Uppal Kalan','17.38 N','78.55 E','Andhra Pradesh'),
 (98,'Vijayawada','16.52 N','80.63 E','Andhra Pradesh'),
 (99,'Vinukonda','16.05 N','79.75 E','Andhra Pradesh'),
 (100,'Visakhapatnam','17.73 N','83.30 E','Andhra Pradesh'),
 (101,'Vizianagaram','18.12 N','83.40 E','Andhra Pradesh'),
 (102,'Vuyyuru','16.37 N','80.85 E','Andhra Pradesh'),
 (103,'Wanparti','16.37 N','78.07 E','Andhra Pradesh'),
 (104,'Warangal','18.01 N','79.58 E','Andhra Pradesh'),
 (105,'Yemmiganur','15.73 N','77.48 E','Andhra Pradesh'),
 (106,'Itanagar','27.14 N','93.61 E','Arunachal Pradesh'),
 (107,'Barpeta','26.32 N','91.00 E','Assam'),
 (108,'Bongaigaon','26.48 N','90.54 E','Assam'),
 (109,'Dhuburi','26.03 N','89.97 E','Assam'),
 (110,'Dibrugarh','27.49 N','94.91 E','Assam'),
 (111,'Diphu','25.84 N','93.43 E','Assam'),
 (112,'Guwahati','26.19 N','91.75 E','Assam'),
 (113,'Jorhat','26.76 N','94.20 E','Assam'),
 (114,'Karimganj','24.85 N','92.36 E','Assam'),
 (115,'Lakhimpur','27.24 N','94.10 E','Assam'),
 (116,'Lanka','25.93 N','92.95 E','Assam'),
 (117,'Nagaon','26.35 N','92.68 E','Assam'),
 (118,'Sibsagar','26.99 N','94.63 E','Assam'),
 (119,'Silchar','24.83 N','92.77 E','Assam'),
 (120,'Tezpur','26.63 N','92.79 E','Assam'),
 (121,'Tinsukia','27.50 N','95.36 E','Assam'),
 (122,'Alipur Duar','26.50 N','89.53 E','West Bengal'),
 (123,'Arambagh','22.88 N','87.78 E','West Bengal'),
 (124,'Asansol','23.69 N','86.98 E','West Bengal'),
 (125,'Ashoknagar Kalyangarh','22.84 N','88.63 E','West Bengal'),
 (126,'Baharampur','24.10 N','88.24 E','West Bengal'),
 (127,'Baidyabati','22.79 N','88.33 E','West Bengal'),
 (128,'Baj Baj','22.48 N','88.17 E','West Bengal'),
 (129,'Bally','22.65 N','88.35 E','West Bengal'),
 (130,'Bally Cantonment','22.65 N','88.36 E','West Bengal'),
 (131,'Balurghat','25.23 N','88.77 E','West Bengal'),
 (132,'Bangaon','23.05 N','88.83 E','West Bengal'),
 (133,'Bankra','22.58 N','88.31 E','West Bengal'),
 (134,'Bankura','23.24 N','87.07 E','West Bengal'),
 (135,'Bansbaria','22.95 N','88.40 E','West Bengal'),
 (136,'Baranagar','22.64 N','88.37 E','West Bengal'),
 (137,'Barddhaman','23.24 N','87.86 E','West Bengal'),
 (138,'Basirhat','22.66 N','88.86 E','West Bengal'),
 (139,'Bhadreswar','22.84 N','88.35 E','West Bengal'),
 (140,'Bhatpara','22.89 N','88.42 E','West Bengal'),
 (141,'Bidhannagar','22.57 N','88.42 E','West Bengal'),
 (142,'Binnaguri','26.74 N','89.037 E','West Bengal'),
 (143,'Bishnupur','23.08 N','87.33 E','West Bengal'),
 (144,'Bolpur','23.67 N','87.70 E','West Bengal'),
 (145,'Calcutta','22.57 N','88.36 E','West Bengal'),
 (146,'Chakdaha','22.48 N','88.35 E','West Bengal'),
 (147,'Champdani','22.81 N','88.34 E','West Bengal'),
 (148,'Chandannagar','22.89 N','88.37 E','West Bengal'),
 (149,'Contai','21.79 N','87.75 E','West Bengal'),
 (150,'Dabgram','','','West Bengal'),
 (151,'Darjiling','27.05 N','88.26 E','West Bengal'),
 (152,'Dhulian','24.68 N','87.97 E','West Bengal'),
 (153,'Dinhata','26.13 N','89.47 E','West Bengal'),
 (154,'Dum Dum','22.63 N','88.42 E','West Bengal'),
 (155,'Durgapur','23.50 N','87.31 E','West Bengal'),
 (156,'Gangarampur','25.40 N','88.52 E','West Bengal'),
 (157,'Garulia','22.83 N','88.37 E','West Bengal'),
 (158,'Gayespur','22.98 N','88.51 E','West Bengal'),
 (159,'Ghatal','22.67 N','87.72 E','West Bengal'),
 (160,'Gopalpur','','','West Bengal'),
 (161,'Habra','22.84 N','88.62 E','West Bengal'),
 (162,'Halisahar','22.95 N','88.42 E','West Bengal'),
 (163,'Haora','22.58 N','88.33 E','West Bengal'),
 (164,'HugliChunchura','22.91 N','88.40 E','West Bengal'),
 (165,'Ingraj Bazar','25.01 N','88.14 E','West Bengal'),
 (166,'Islampur','26.27 N','88.20 E','West Bengal'),
 (167,'Jalpaiguri','26.53 N','88.71 E','West Bengal'),
 (168,'Jamuria','23.70 N','87.08 E','West Bengal'),
 (169,'Jangipur','24.47 N','88.07 E','West Bengal'),
 (170,'Jhargram','22.45 N','86.98 E','West Bengal'),
 (171,'Kaliyaganj','25.63 N','88.32 E','West Bengal'),
 (172,'Kalna','23.22 N','88.37 E','West Bengal'),
 (173,'Kalyani','22.98 N','88.48 E','West Bengal'),
 (174,'Kamarhati','22.67 N','88.37 E','West Bengal'),
 (175,'Kanchrapara','22.95 N','88.45 E','West Bengal'),
 (176,'Kandi','23.95 N','88.03 E','West Bengal'),
 (177,'Karsiyang','26.88 N','88.28 E','West Bengal'),
 (178,'Katwa','23.65 N','88.13 E','West Bengal'),
 (179,'Kharagpur','22.34 N','87.31 E','West Bengal'),
 (180,'Kharagpur Railway Settlement','22.34 N','87.26 E','West Bengal'),
 (181,'Khardaha','22.73 N','88.38 E','West Bengal'),
 (182,'Kharia','','','West Bengal'),
 (183,'Koch Bihar','26.33 N','89.46 E','West Bengal'),
 (184,'Konnagar','22.70 N','88.36 E','West Bengal'),
 (185,'Krishnanagar','23.41 N','88.51 E','West Bengal'),
 (186,'Kulti','23.72 N','86.89 E','West Bengal'),
 (187,'Madhyamgram','22.70 N','88.45 E','West Bengal'),
 (188,'Maheshtala','22.51 N','88.23 E','West Bengal'),
 (189,'Memari','23.20 N','88.12 E','West Bengal'),
 (190,'Midnapur','22.33 N','87.15 E','West Bengal'),
 (191,'Naihati','22.91 N','88.43 E','West Bengal'),
 (192,'Navadwip','23.42 N','88.37 E','West Bengal'),
 (193,'Ni Barakpur','22.77 N','88.36 E','West Bengal'),
 (194,'North Barakpur','22.78 N','88.37 E','West Bengal'),
 (195,'North Dum Dum','22.64 N','88.41 E','West Bengal'),
 (196,'Old Maldah','','','West Bengal'),
 (197,'Panihati','22.69 N','88.37 E','West Bengal'),
 (198,'Phulia','23.24 N','88.50 E','West Bengal'),
 (199,'Pujali','22.47 N','88.15 E','West Bengal'),
 (200,'Puruliya','23.34 N','86.36 E','West Bengal'),
 (201,'Raiganj','25.62 N','88.12 E','West Bengal'),
 (202,'Rajpur','22.44 N','88.44 E','West Bengal'),
 (203,'Rampur Hat','24.17 N','87.78 E','West Bengal'),
 (204,'Ranaghat','23.19 N','88.58 E','West Bengal'),
 (205,'Raniganj','23.62 N','87.11 E','West Bengal'),
 (206,'Rishra','22.71 N','88.36 E','West Bengal'),
 (207,'Shantipur','23.26 N','88.44 E','West Bengal'),
 (208,'Shiliguri','26.73 N','88.42 E','West Bengal'),
 (209,'Shrirampur','22.74 N','88.35 E','West Bengal'),
 (210,'Siuri','23.91 N','87.53 E','West Bengal'),
 (211,'South Dum Dum','22.61 N','88.41 E','West Bengal'),
 (212,'Titagarh','22.74 N','88.38 E','West Bengal'),
 (213,'Ulubaria','22.47 N','88.11 E','West Bengal'),
 (214,'UttarparaKotrung','22.66 N','88.35 E','West Bengal'),
 (215,'Araria','26.15 N','87.52 E','Bihar'),
 (216,'Arrah','25.56 N','84.66 E','Bihar'),
 (217,'Aurangabad','24.75 N','84.37 E','Bihar'),
 (218,'Bagaha','27.10 N','84.09 E','Bihar'),
 (219,'Begusarai','25.42 N','86.12 E','Bihar'),
 (220,'Bettiah','26.81 N','84.50 E','Bihar'),
 (221,'Bhabua','25.05 N','83.62 E','Bihar'),
 (222,'Bhagalpur','25.26 N','86.98 E','Bihar'),
 (223,'Bihar','25.21 N','85.52 E','Bihar'),
 (224,'Buxar','25.58 N','83.98 E','Bihar'),
 (225,'Chhapra','25.78 N','84.72 E','Bihar'),
 (226,'Darbhanga','26.16 N','85.88 E','Bihar'),
 (227,'Dehri','24.91 N','84.18 E','Bihar'),
 (228,'DighaMainpura','','','Bihar'),
 (229,'Dinapur','25.64 N','85.04 E','Bihar'),
 (230,'Dumraon','25.55 N','84.15 E','Bihar'),
 (231,'Gaya','24.81 N','85.00 E','Bihar'),
 (232,'Gopalganj','26.47 N','84.43 E','Bihar'),
 (233,'Goura','','','Bihar'),
 (234,'Hajipur','','','Bihar'),
 (235,'Jahanabad','25.22 N','84.98 E','Bihar'),
 (236,'Jamalpur','25.32 N','86.48 E','Bihar'),
 (237,'Jamui','24.92 N','86.22 E','Bihar'),
 (238,'Katihar','25.55 N','87.57 E','Bihar'),
 (239,'Khagaria','25.50 N','86.48 E','Bihar'),
 (240,'Khagaul','25.58 N','85.05 E','Bihar'),
 (241,'Kishanganj','26.11 N','87.95 E','Bihar'),
 (242,'Lakhisarai','25.18 N','86.09 E','Bihar'),
 (243,'Madhipura','25.92 N','86.78 E','Bihar'),
 (244,'Madhubani','26.37 N','86.06 E','Bihar'),
 (245,'Masaurhi','25.35 N','85.03 E','Bihar'),
 (246,'Mokama','25.40 N','85.92 E','Bihar'),
 (247,'Motihari','26.66 N','84.91 E','Bihar'),
 (248,'Munger','25.39 N','86.47 E','Bihar'),
 (249,'Muzaffarpur','26.13 N','85.38 E','Bihar'),
 (250,'Nawada','24.88 N','85.54 E','Bihar'),
 (251,'Patna','25.62 N','85.13 E','Bihar'),
 (252,'Phulwari','25.60 N','85.13 E','Bihar'),
 (253,'Purnia','25.78 N','87.47 E','Bihar'),
 (254,'Raxaul','26.98 N','84.85 E','Bihar'),
 (255,'Saharsa','25.88 N','86.59 E','Bihar'),
 (256,'Samastipur','25.85 N','85.78 E','Bihar'),
 (257,'Sasaram','24.96 N','84.01 E','Bihar'),
 (258,'Sitamarhi','26.61 N','85.48 E','Bihar'),
 (259,'Siwan','26.23 N','84.35 E','Bihar'),
 (260,'Supaul','26.12 N','86.60 E','Bihar'),
 (261,'Chandigarh','30.75 N','76.78 E','Chandigarh'),
 (262,'Ambikapur','23.13 N','83.20 E','Chhattisgarh'),
 (263,'Bhilai','21.21 N','81.38 E','Chhattisgarh'),
 (264,'Bilaspur','22.09 N','82.15 E','Chhattisgarh'),
 (265,'Charoda','21.23 N','81.50 E','Chhattisgarh'),
 (266,'Chirmiri','23.21 N','82.41 E','Chhattisgarh'),
 (267,'Dhamtari','20.71 N','81.55 E','Chhattisgarh'),
 (268,'Durg','21.20 N','81.28 E','Chhattisgarh'),
 (269,'Jagdalpur','19.09 N','82.03 E','Chhattisgarh'),
 (270,'Korba','22.35 N','82.69 E','Chhattisgarh'),
 (271,'Raigarh','21.90 N','83.39 E','Chhattisgarh'),
 (272,'Raipur','21.24 N','81.63 E','Chhattisgarh'),
 (273,'Rajnandgaon','21.10 N','81.04 E','Chhattisgarh'),
 (274,'Bhalswa Jahangirpur','28.74 N','77.17 E','Delhi'),
 (275,'Burari','','','Delhi'),
 (276,'Chilla Saroda Bangar','','','Delhi'),
 (277,'Dallo Pura','','','Delhi'),
 (278,'Delhi','28.67 N','77.21 E','Delhi'),
 (279,'Deoli','28.49 N','77.22 E','Delhi'),
 (280,'Dilli Cantonment','28.57 N','77.16 E','Delhi'),
 (281,'Gharoli','','','Delhi'),
 (282,'Gokalpur','28.71 N','77.28 E','Delhi'),
 (283,'Hastsal','','','Delhi'),
 (284,'Jaffrabad','','','Delhi'),
 (285,'Karawal Nagar','','','Delhi'),
 (286,'Khajuri Khas','','','Delhi'),
 (287,'Kirari Suleman Nagar','','','Delhi'),
 (288,'Mandoli','','','Delhi'),
 (289,'Mithe Pur','','','Delhi'),
 (290,'Molarband','','','Delhi'),
 (291,'Mundka','','','Delhi'),
 (292,'Mustafabad','','','Delhi'),
 (293,'Nangloi Jat','28.68 N','77.07 E','Delhi'),
 (294,'Ni Dilli','28.60 N','77.22 E','Delhi'),
 (295,'Pul Pehlad','','','Delhi'),
 (296,'Puth Kalan','','','Delhi'),
 (297,'Roshan Pura','28.60 N','76.99 E','Delhi'),
 (298,'Sadat Pur Gujran','','','Delhi'),
 (299,'Sultanpur Majra','28.76 N','77.06 E','Delhi'),
 (300,'Tajpul','','','Delhi'),
 (301,'Tigri','28.50 N','77.22 E','Delhi'),
 (302,'Ziauddin Pur','','','Delhi'),
 (303,'Madgaon','15.28 N','73.94 E','Goa'),
 (304,'Mormugao','15.42 N','73.78 E','Goa'),
 (305,'Panaji','15.50 N','73.81 E','Goa'),
 (306,'Ahmadabad','23.03 N','72.58 E','Gujarat'),
 (307,'Amreli','21.61 N','71.22 E','Gujarat'),
 (308,'Anand','22.56 N','72.95 E','Gujarat'),
 (309,'Anjar','23.12 N','70.02 E','Gujarat'),
 (310,'Bardoli','21.12 N','73.12 E','Gujarat'),
 (311,'Bharuch','21.71 N','72.97 E','Gujarat'),
 (312,'Bhavnagar','21.79 N','72.13 E','Gujarat'),
 (313,'Bhuj','23.26 N','69.66 E','Gujarat'),
 (314,'Borsad','22.42 N','72.90 E','Gujarat'),
 (315,'Botad','22.18 N','71.66 E','Gujarat'),
 (316,'Chandkheda','23.15 N','72.61 E','Gujarat'),
 (317,'Chandlodiya','23.10 N','72.56 E','Gujarat'),
 (318,'Dabhoi','22.13 N','73.41 E','Gujarat'),
 (319,'Dahod','22.84 N','74.25 E','Gujarat'),
 (320,'Dholka','22.74 N','72.44 E','Gujarat'),
 (321,'Dhoraji','21.74 N','70.44 E','Gujarat'),
 (322,'Dhrangadhra','23.00 N','71.46 E','Gujarat'),
 (323,'Disa','24.26 N','72.18 E','Gujarat'),
 (324,'Gandhidham','23.07 N','70.13 E','Gujarat'),
 (325,'Gandhinagar','23.30 N','72.63 E','Gujarat'),
 (326,'Ghatlodiya','23.05 N','72.55 E','Gujarat'),
 (327,'Godhra','22.77 N','73.60 E','Gujarat'),
 (328,'Gondal','21.97 N','70.80 E','Gujarat'),
 (329,'Himatnagar','23.60 N','72.96 E','Gujarat'),
 (330,'Jamnagar','22.47 N','70.07 E','Gujarat'),
 (331,'Jamnagar','','','Gujarat'),
 (332,'Jetpur','21.75 N','70.61 E','Gujarat'),
 (333,'Junagadh','21.52 N','70.45 E','Gujarat'),
 (334,'Kalol','23.25 N','72.49 E','Gujarat'),
 (335,'Keshod','21.31 N','70.23 E','Gujarat'),
 (336,'Khambhat','22.32 N','72.61 E','Gujarat'),
 (337,'Kundla','21.35 N','71.30 E','Gujarat'),
 (338,'Mahuva','21.10 N','71.75 E','Gujarat'),
 (339,'Mangrol','21.12 N','70.12 E','Gujarat'),
 (340,'Modasa','23.47 N','73.30 E','Gujarat'),
 (341,'Morvi','22.82 N','70.83 E','Gujarat'),
 (342,'Nadiad','22.70 N','72.85 E','Gujarat'),
 (343,'Navagam Ghed','','','Gujarat'),
 (344,'Navsari','20.96 N','72.92 E','Gujarat'),
 (345,'Palitana','21.52 N','71.83 E','Gujarat'),
 (346,'Patan','23.86 N','72.11 E','Gujarat'),
 (347,'Porbandar','21.65 N','69.60 E','Gujarat'),
 (348,'Puna','','','Gujarat'),
 (349,'Rajkot','22.31 N','70.79 E','Gujarat'),
 (350,'Ramod','','','Gujarat'),
 (351,'Ranip','23.03 N','72.54 E','Gujarat'),
 (352,'Siddhapur','23.92 N','72.37 E','Gujarat'),
 (353,'Sihor','21.70 N','71.97 E','Gujarat'),
 (354,'Surat','21.20 N','72.82 E','Gujarat'),
 (355,'Surendranagar','22.71 N','71.67 E','Gujarat'),
 (356,'Thaltej','','','Gujarat'),
 (357,'Una','20.82 N','71.03 E','Gujarat'),
 (358,'Unjha','23.81 N','72.38 E','Gujarat'),
 (359,'Upleta','21.75 N','70.27 E','Gujarat'),
 (360,'Vadodara','22.31 N','73.18 E','Gujarat'),
 (361,'Valsad','20.62 N','72.92 E','Gujarat'),
 (362,'Vapi','20.37 N','72.90 E','Gujarat'),
 (363,'Vastral','','','Gujarat'),
 (364,'Vejalpur','','','Gujarat'),
 (365,'Veraval','20.92 N','70.34 E','Gujarat'),
 (366,'Vijalpor','','','Gujarat'),
 (367,'Visnagar','23.71 N','72.54 E','Gujarat'),
 (368,'Wadhwan','22.73 N','71.72 E','Gujarat'),
 (369,'Ambala','30.38 N','76.77 E','Haryana'),
 (370,'Ambala Cantonment','30.39 N','76.86 E','Haryana'),
 (371,'Ambala Sadar','30.35 N','76.84 E','Haryana'),
 (372,'Bahadurgarh','28.69 N','76.92 E','Haryana'),
 (373,'Bhiwani','28.81 N','76.12 E','Haryana'),
 (374,'Charkhi Dadri','28.60 N','76.27 E','Haryana'),
 (375,'Dabwali','29.95 N','74.73 E','Haryana'),
 (376,'Faridabad','28.38 N','77.30 E','Haryana'),
 (377,'Gohana','29.13 N','76.70 E','Haryana'),
 (378,'Hisar','29.17 N','75.72 E','Haryana'),
 (379,'Jagadhri','30.18 N','77.29 E','Haryana'),
 (380,'Jind','29.31 N','76.30 E','Haryana'),
 (381,'Kaithal','29.81 N','76.40 E','Haryana'),
 (382,'Karnal','29.69 N','76.97 E','Haryana'),
 (383,'Narnaul','28.04 N','76.10 E','Haryana'),
 (384,'Narwana','29.62 N','76.12 E','Haryana'),
 (385,'Palwal','28.15 N','77.32 E','Haryana'),
 (386,'Panchkula','30.70 N','76.88 E','Haryana'),
 (387,'Panipat','29.39 N','76.96 E','Haryana'),
 (388,'Rewari','28.19 N','76.60 E','Haryana'),
 (389,'Rohtak','28.90 N','76.58 E','Haryana'),
 (390,'Sirsa','29.53 N','75.03 E','Haryana'),
 (391,'Sonipat','28.99 N','77.01 E','Haryana'),
 (392,'Thanesar','29.98 N','76.82 E','Haryana'),
 (393,'Tohana','29.70 N','75.90 E','Haryana'),
 (394,'Yamunanagar','30.14 N','77.28 E','Haryana'),
 (395,'Shimla','31.11 N','77.16 E','Himachal Pradesh'),
 (396,'Anantnag','33.73 N','75.15 E','Jammu and Kashmir'),
 (397,'Baramula','34.20 N','74.35 E','Jammu and Kashmir'),
 (398,'Bari Brahmana','','','Jammu and Kashmir'),
 (399,'Jammu','32.71 N','74.85 E','Jammu and Kashmir'),
 (400,'Kathua','32.37 N','75.52 E','Jammu and Kashmir'),
 (401,'Sopur','34.30 N','74.47 E','Jammu and Kashmir'),
 (402,'Srinagar','34.09 N','74.79 E','Jammu and Kashmir'),
 (403,'Udhampur','32.93 N','75.13 E','Jammu and Kashmir'),
 (404,'Adityapur','22.80 N','86.04 E','Jharkhand'),
 (405,'Bagbahra','22.82 N','86.20 E','Jharkhand'),
 (406,'Bhuli','23.79 N','86.38 E','Jharkhand'),
 (407,'Bokaro','23.78 N','85.96 E','Jharkhand'),
 (408,'Chaibasa','22.56 N','85.80 E','Jharkhand'),
 (409,'Chas','23.65 N','86.17 E','Jharkhand'),
 (410,'Daltenganj','24.05 N','84.06 E','Jharkhand'),
 (411,'Devghar','24.49 N','86.69 E','Jharkhand'),
 (412,'Dhanbad','23.80 N','86.42 E','Jharkhand'),
 (413,'Hazaribag','24.01 N','85.36 E','Jharkhand'),
 (414,'Jamshedpur','22.79 N','86.20 E','Jharkhand'),
 (415,'Jharia','23.76 N','86.42 E','Jharkhand'),
 (416,'Jhumri Tilaiya','24.43 N','85.52 E','Jharkhand'),
 (417,'Jorapokhar','23.79 N','86.36 E','Jharkhand'),
 (418,'Katras','23.80 N','86.28 E','Jharkhand'),
 (419,'Lohardaga','23.43 N','84.68 E','Jharkhand'),
 (420,'Mango','22.85 N','86.21 E','Jharkhand'),
 (421,'Phusro','23.68 N','85.86 E','Jharkhand'),
 (422,'Ramgarh','23.63 N','85.51 E','Jharkhand'),
 (423,'Ranchi','23.36 N','85.33 E','Jharkhand'),
 (424,'Sahibganj','25.25 N','87.62 E','Jharkhand'),
 (425,'Saunda','23.64 N','85.37 E','Jharkhand'),
 (426,'Sindari','23.68 N','86.49 E','Jharkhand'),
 (427,'Bagalkot','16.19 N','75.69 E','Karnataka'),
 (428,'Bangalore','12.97 N','77.56 E','Karnataka'),
 (429,'Basavakalyan','17.87 N','76.95 E','Karnataka'),
 (430,'Belgaum','15.86 N','74.50 E','Karnataka'),
 (431,'Bellary','15.14 N','76.91 E','Karnataka'),
 (432,'Bhadravati','13.84 N','75.69 E','Karnataka'),
 (433,'Bidar','17.92 N','77.52 E','Karnataka'),
 (434,'Bijapur','16.83 N','75.71 E','Karnataka'),
 (435,'Bommanahalli','13.01 N','77.63 E','Karnataka'),
 (436,'Byatarayanapura','','','Karnataka'),
 (437,'Challakere','14.32 N','76.65 E','Karnataka'),
 (438,'Chamrajnagar','11.92 N','76.95 E','Karnataka'),
 (439,'Channapatna','12.66 N','77.19 E','Karnataka'),
 (440,'Chik Ballapur','13.47 N','77.73 E','Karnataka'),
 (441,'Chikmagalur','13.32 N','75.76 E','Karnataka'),
 (442,'Chintamani','13.40 N','78.05 E','Karnataka'),
 (443,'Chitradurga','14.23 N','76.39 E','Karnataka'),
 (444,'Dasarahalli','13.01 N','77.49 E','Karnataka'),
 (445,'Davanagere','14.46 N','75.92 E','Karnataka'),
 (446,'Dod Ballapur','13.30 N','77.52 E','Karnataka'),
 (447,'Gadag','15.44 N','75.63 E','Karnataka'),
 (448,'Gangawati','15.44 N','76.52 E','Karnataka'),
 (449,'Gokak','16.18 N','74.81 E','Karnataka'),
 (450,'Gulbarga','17.34 N','76.82 E','Karnataka'),
 (451,'Harihar','14.52 N','75.80 E','Karnataka'),
 (452,'Hassan','13.01 N','76.08 E','Karnataka'),
 (453,'Haveri','14.80 N','75.40 E','Karnataka'),
 (454,'Hiriyur','13.97 N','76.60 E','Karnataka'),
 (455,'Hosakote','','','Karnataka'),
 (456,'Hospet','15.28 N','76.37 E','Karnataka'),
 (457,'Hubli','15.36 N','75.13 E','Karnataka'),
 (458,'Ilkal','15.97 N','76.13 E','Karnataka'),
 (459,'Jamkhandi','16.51 N','75.28 E','Karnataka'),
 (460,'Kanakapura','12.54 N','77.42 E','Karnataka'),
 (461,'Karwar','14.82 N','74.12 E','Karnataka'),
 (462,'Kolar','13.14 N','78.13 E','Karnataka'),
 (463,'Kollegal','12.15 N','77.12 E','Karnataka'),
 (464,'Koppal','15.35 N','76.15 E','Karnataka'),
 (465,'Krishnarajapura','12.97 N','77.74 E','Karnataka'),
 (466,'Mahadevapura','','','Karnataka'),
 (467,'Maisuru','12.31 N','76.65 E','Karnataka'),
 (468,'Mandya','12.54 N','76.89 E','Karnataka'),
 (469,'Mangaluru','12.88 N','74.84 E','Karnataka'),
 (470,'Nipani','16.41 N','74.38 E','Karnataka'),
 (471,'Pattanagere','','','Karnataka'),
 (472,'Puttur','12.77 N','75.22 E','Karnataka'),
 (473,'Rabkavi','16.47 N','75.11 E','Karnataka'),
 (474,'Raichur','16.21 N','77.35 E','Karnataka'),
 (475,'Ramanagaram','12.72 N','77.27 E','Karnataka'),
 (476,'Ranibennur','14.62 N','75.61 E','Karnataka'),
 (477,'Robertsonpet','12.97 N','78.28 E','Karnataka'),
 (478,'Sagar','14.17 N','75.03 E','Karnataka'),
 (479,'Shahabad','17.13 N','76.93 E','Karnataka'),
 (480,'Shahpur','16.70 N','76.83 E','Karnataka'),
 (481,'Shimoga','13.93 N','75.57 E','Karnataka'),
 (482,'Shorapur','16.52 N','76.75 E','Karnataka'),
 (483,'Sidlaghatta','13.38 N','77.87 E','Karnataka'),
 (484,'Sira','13.75 N','76.90 E','Karnataka'),
 (485,'Sirsi','14.62 N','74.85 E','Karnataka'),
 (486,'Tiptur','13.27 N','76.48 E','Karnataka'),
 (487,'Tumkur','13.34 N','77.10 E','Karnataka'),
 (488,'Udupi','13.35 N','74.75 E','Karnataka'),
 (489,'Ullal','12.80 N','74.85 E','Karnataka'),
 (490,'Yadgir','16.77 N','77.13 E','Karnataka'),
 (491,'Yelahanka','13.10 N','77.60 E','Karnataka'),
 (492,'Alappuzha','9.50 N','76.33 E','Kerala'),
 (493,'Beypur','11.18 N','75.82 E','Kerala'),
 (494,'Cheruvannur','11.21 N','75.84 E','Kerala'),
 (495,'Edakkara','','','Kerala'),
 (496,'Edathala','10.03 N','76.32 E','Kerala'),
 (497,'Kalamassery','10.05 N','76.27 E','Kerala'),
 (498,'Kannan Devan Hills','','','Kerala'),
 (499,'Kannangad','12.34 N','75.09 E','Kerala'),
 (500,'Kannur','11.86 N','75.35 E','Kerala'),
 (501,'Kayankulam','9.17 N','76.49 E','Kerala'),
 (502,'Kochi','10.02 N','76.22 E','Kerala'),
 (503,'Kollam','8.89 N','76.58 E','Kerala'),
 (504,'Kottayam','9.60 N','76.52 E','Kerala'),
 (505,'Koyilandi','11.43 N','75.70 E','Kerala'),
 (506,'Kozhikkod','11.26 N','75.78 E','Kerala'),
 (507,'Kunnamkulam','10.65 N','76.08 E','Kerala'),
 (508,'Malappuram','11.07 N','76.06 E','Kerala'),
 (509,'Manjeri','11.12 N','76.11 E','Kerala'),
 (510,'Nedumangad','8.61 N','77.00 E','Kerala'),
 (511,'Neyyattinkara','8.40 N','77.08 E','Kerala'),
 (512,'Palakkad','10.78 N','76.65 E','Kerala'),
 (513,'Pallichal','','','Kerala'),
 (514,'Payyannur','12.10 N','75.19 E','Kerala'),
 (515,'Ponnani','10.78 N','75.92 E','Kerala'),
 (516,'Talipparamba','12.03 N','75.36 E','Kerala'),
 (517,'Thalassery','11.75 N','75.49 E','Kerala'),
 (518,'Thiruvananthapuram','8.51 N','76.95 E','Kerala'),
 (519,'Thrippunithura','9.94 N','76.35 E','Kerala'),
 (520,'Thrissur','10.52 N','76.21 E','Kerala'),
 (521,'Tirur','10.91 N','75.92 E','Kerala'),
 (522,'Tiruvalla','9.39 N','76.57 E','Kerala'),
 (523,'Vadakara','11.61 N','75.58 E','Kerala'),
 (524,'Ashoknagar','24.57 N','77.72 E','Madhya Pradesh'),
 (525,'Balaghat','21.80 N','80.18 E','Madhya Pradesh'),
 (526,'Basoda','23.85 N','77.93 E','Madhya Pradesh'),
 (527,'Betul','21.92 N','77.90 E','Madhya Pradesh'),
 (528,'Bhind','26.57 N','78.77 E','Madhya Pradesh'),
 (529,'Bhopal','23.24 N','77.40 E','Madhya Pradesh'),
 (530,'BinaEtawa','24.20 N','78.20 E','Madhya Pradesh'),
 (531,'Burhanpur','21.33 N','76.22 E','Madhya Pradesh'),
 (532,'Chhatarpur','24.92 N','79.58 E','Madhya Pradesh'),
 (533,'Chhindwara','22.07 N','78.94 E','Madhya Pradesh'),
 (534,'Dabra','25.90 N','78.33 E','Madhya Pradesh'),
 (535,'Damoh','23.85 N','79.44 E','Madhya Pradesh'),
 (536,'Datia','25.67 N','78.45 E','Madhya Pradesh'),
 (537,'Dewas','22.97 N','76.05 E','Madhya Pradesh'),
 (538,'Dhar','22.60 N','75.29 E','Madhya Pradesh'),
 (539,'Gohad','26.43 N','78.45 E','Madhya Pradesh'),
 (540,'Guna','24.65 N','77.30 E','Madhya Pradesh'),
 (541,'Gwalior','26.23 N','78.17 E','Madhya Pradesh'),
 (542,'Harda','22.33 N','77.11 E','Madhya Pradesh'),
 (543,'Hoshangabad','22.75 N','77.71 E','Madhya Pradesh'),
 (544,'Indore','22.72 N','75.86 E','Madhya Pradesh'),
 (545,'Itarsi','22.62 N','77.76 E','Madhya Pradesh'),
 (546,'Jabalpur','23.17 N','79.94 E','Madhya Pradesh'),
 (547,'Jabalpur Cantonment','23.16 N','79.95 E','Madhya Pradesh'),
 (548,'Jaora','23.64 N','75.11 E','Madhya Pradesh'),
 (549,'Khandwa','21.83 N','76.35 E','Madhya Pradesh'),
 (550,'Khargone','21.83 N','75.60 E','Madhya Pradesh'),
 (551,'Mandidip','23.10 N','77.52 E','Madhya Pradesh'),
 (552,'Mandsaur','24.07 N','75.07 E','Madhya Pradesh'),
 (553,'Mau','22.56 N','75.75 E','Madhya Pradesh'),
 (554,'Morena','26.51 N','77.99 E','Madhya Pradesh'),
 (555,'Murwara','23.85 N','80.39 E','Madhya Pradesh'),
 (556,'Nagda','23.46 N','75.42 E','Madhya Pradesh'),
 (557,'Nimach','24.47 N','74.87 E','Madhya Pradesh'),
 (558,'Pithampur','','','Madhya Pradesh'),
 (559,'Raghogarh','24.45 N','77.20 E','Madhya Pradesh'),
 (560,'Ratlam','23.35 N','75.03 E','Madhya Pradesh'),
 (561,'Rewa','24.53 N','81.29 E','Madhya Pradesh'),
 (562,'Sagar','23.85 N','78.75 E','Madhya Pradesh'),
 (563,'Sarni','22.04 N','78.27 E','Madhya Pradesh'),
 (564,'Satna','24.58 N','80.83 E','Madhya Pradesh'),
 (565,'Sehore','23.20 N','77.08 E','Madhya Pradesh'),
 (566,'Sendhwa','21.68 N','75.10 E','Madhya Pradesh'),
 (567,'Seoni','22.10 N','79.55 E','Madhya Pradesh'),
 (568,'Shahdol','23.30 N','81.36 E','Madhya Pradesh'),
 (569,'Shajapur','23.43 N','76.27 E','Madhya Pradesh'),
 (570,'Sheopur','25.67 N','76.70 E','Madhya Pradesh'),
 (571,'Shivapuri','25.43 N','77.65 E','Madhya Pradesh'),
 (572,'Sidhi','24.42 N','81.88 E','Madhya Pradesh'),
 (573,'Singrauli','23.84 N','82.27 E','Madhya Pradesh'),
 (574,'Tikamgarh','24.74 N','78.83 E','Madhya Pradesh'),
 (575,'Ujjain','23.19 N','75.78 E','Madhya Pradesh'),
 (576,'Vidisha','23.53 N','77.80 E','Madhya Pradesh'),
 (577,'Achalpur','21.26 N','77.50 E','Maharashtra'),
 (578,'Ahmadnagar','19.10 N','74.74 E','Maharashtra'),
 (579,'Akola','20.71 N','77.00 E','Maharashtra'),
 (580,'Akot','21.10 N','77.05 E','Maharashtra'),
 (581,'Amalner','21.05 N','75.06 E','Maharashtra'),
 (582,'Ambajogai','18.73 N','76.38 E','Maharashtra'),
 (583,'Amravati','20.95 N','77.76 E','Maharashtra'),
 (584,'Anjangaon','21.16 N','77.31 E','Maharashtra'),
 (585,'Aurangabad','19.89 N','75.32 E','Maharashtra'),
 (586,'Badlapur','19.15 N','73.27 E','Maharashtra'),
 (587,'Ballarpur','19.85 N','79.35 E','Maharashtra'),
 (588,'Baramati','18.15 N','74.58 E','Maharashtra'),
 (589,'Barsi','18.24 N','75.69 E','Maharashtra'),
 (590,'Basmat','19.32 N','77.17 E','Maharashtra'),
 (591,'Bhadravati','20.11 N','79.12 E','Maharashtra'),
 (592,'Bhandara','21.18 N','79.65 E','Maharashtra'),
 (593,'Bhiwandi','19.30 N','73.05 E','Maharashtra'),
 (594,'Bhusawal','21.05 N','75.78 E','Maharashtra'),
 (595,'Bid','18.99 N','75.76 E','Maharashtra'),
 (596,'Mumbai','18.96 N','72.82 E','Maharashtra'),
 (597,'Buldana','20.54 N','76.18 E','Maharashtra'),
 (598,'Chalisgaon','20.46 N','74.99 E','Maharashtra'),
 (599,'Chandrapur','19.96 N','79.30 E','Maharashtra'),
 (600,'Chikhli','20.35 N','76.25 E','Maharashtra'),
 (601,'Chiplun','17.53 N','73.52 E','Maharashtra'),
 (602,'Chopda','21.25 N','75.28 E','Maharashtra'),
 (603,'Dahanu','19.97 N','72.73 E','Maharashtra'),
 (604,'Deolali','19.95 N','73.84 E','Maharashtra'),
 (605,'Dhule','20.90 N','74.77 E','Maharashtra'),
 (606,'Digdoh','','','Maharashtra'),
 (607,'Diglur','18.55 N','77.60 E','Maharashtra'),
 (608,'Gadchiroli','20.17 N','80.00 E','Maharashtra'),
 (609,'Gondiya','21.47 N','80.20 E','Maharashtra'),
 (610,'Hinganghat','20.56 N','78.83 E','Maharashtra'),
 (611,'Hingoli','19.72 N','77.14 E','Maharashtra'),
 (612,'Ichalkaranji','16.69 N','74.46 E','Maharashtra'),
 (613,'Jalgaon','21.01 N','75.56 E','Maharashtra'),
 (614,'Jalna','19.85 N','75.88 E','Maharashtra'),
 (615,'Kalyan','19.25 N','73.16 E','Maharashtra'),
 (616,'Kamthi','21.23 N','79.20 E','Maharashtra'),
 (617,'Karanja','20.48 N','77.48 E','Maharashtra'),
 (618,'Khadki','18.57 N','73.83 E','Maharashtra'),
 (619,'Khamgaon','20.70 N','76.56 E','Maharashtra'),
 (620,'Khopoli','18.78 N','73.33 E','Maharashtra'),
 (621,'Kolhapur','16.70 N','74.22 E','Maharashtra'),
 (622,'Kopargaon','19.88 N','74.48 E','Maharashtra'),
 (623,'Latur','18.41 N','76.58 E','Maharashtra'),
 (624,'Lonavale','18.75 N','73.42 E','Maharashtra'),
 (625,'Malegaon','20.56 N','74.52 E','Maharashtra'),
 (626,'Malkapur','20.90 N','76.19 E','Maharashtra'),
 (627,'Manmad','20.26 N','74.43 E','Maharashtra'),
 (628,'Mira Bhayandar','19.29 N','72.85 E','Maharashtra'),
 (629,'Nagpur','21.16 N','79.08 E','Maharashtra'),
 (630,'Nalasopara','19.43 N','72.78 E','Maharashtra'),
 (631,'Nanded','19.17 N','77.29 E','Maharashtra'),
 (632,'Nandurbar','21.38 N','74.23 E','Maharashtra'),
 (633,'Nashik','20.01 N','73.78 E','Maharashtra'),
 (634,'Navghar','19.34 N','72.90 E','Maharashtra'),
 (635,'Navi Mumbai','19.11 N','73.06 E','Maharashtra'),
 (636,'Navi Mumbai','19.00 N','73.10 E','Maharashtra'),
 (637,'Osmanabad','18.17 N','76.03 E','Maharashtra'),
 (638,'Palghar','19.68 N','72.75 E','Maharashtra'),
 (639,'Pandharpur','17.68 N','75.31 E','Maharashtra'),
 (640,'Parbhani','19.27 N','76.76 E','Maharashtra'),
 (641,'Phaltan','17.98 N','74.43 E','Maharashtra'),
 (642,'Pimpri','18.62 N','73.80 E','Maharashtra'),
 (643,'Pune','18.53 N','73.84 E','Maharashtra'),
 (644,'Pune Cantonment','18.50 N','73.88 E','Maharashtra'),
 (645,'Pusad','19.91 N','77.57 E','Maharashtra'),
 (646,'Ratnagiri','17.00 N','73.29 E','Maharashtra'),
 (647,'SangliMiraj','16.86 N','74.57 E','Maharashtra'),
 (648,'Satara','17.70 N','74.00 E','Maharashtra'),
 (649,'Shahada','21.55 N','74.47 E','Maharashtra'),
 (650,'Shegaon','20.78 N','76.68 E','Maharashtra'),
 (651,'Shirpur','21.35 N','74.88 E','Maharashtra'),
 (652,'Sholapur','17.67 N','75.89 E','Maharashtra'),
 (653,'Shrirampur','19.63 N','74.64 E','Maharashtra'),
 (654,'Sillod','20.30 N','75.65 E','Maharashtra'),
 (655,'Thana','19.20 N','72.97 E','Maharashtra'),
 (656,'Udgir','18.40 N','77.11 E','Maharashtra'),
 (657,'Ulhasnagar','19.23 N','73.15 E','Maharashtra'),
 (658,'Uran Islampur','17.05 N','74.27 E','Maharashtra'),
 (659,'Vasai','19.36 N','72.80 E','Maharashtra'),
 (660,'Virar','19.47 N','72.79 E','Maharashtra'),
 (661,'Wadi','','','Maharashtra'),
 (662,'Wani','20.07 N','78.95 E','Maharashtra'),
 (663,'Wardha','20.75 N','78.60 E','Maharashtra'),
 (664,'Warud','21.47 N','78.27 E','Maharashtra'),
 (665,'Washim','20.10 N','77.13 E','Maharashtra'),
 (666,'Yavatmal','20.41 N','78.13 E','Maharashtra'),
 (667,'Imphal','24.79 N','93.94 E','Manipur'),
 (668,'Shillong','25.57 N','91.87 E','Meghalaya'),
 (669,'Tura','25.52 N','90.22 E','Meghalaya'),
 (670,'Aizawl','23.71 N','92.71 E','Mizoram'),
 (671,'Lunglei','22.88 N','92.73 E','Mizoram'),
 (672,'Dimapur','25.92 N','93.73 E','Nagaland'),
 (673,'Kohima','25.67 N','94.11 E','Nagaland'),
 (674,'Wokha','26.10 N','94.27 E','Nagaland'),
 (675,'Balangir','20.71 N','83.50 E','Orissa'),
 (676,'Baleshwar','21.49 N','86.95 E','Orissa'),
 (677,'Barbil','22.12 N','85.40 E','Orissa'),
 (678,'Bargarh','21.34 N','83.61 E','Orissa'),
 (679,'Baripada','21.95 N','86.73 E','Orissa'),
 (680,'Bhadrak','21.06 N','86.52 E','Orissa'),
 (681,'Bhawanipatna','19.91 N','83.17 E','Orissa'),
 (682,'Bhubaneswar','20.27 N','85.84 E','Orissa'),
 (683,'Brahmapur','19.32 N','84.80 E','Orissa'),
 (684,'Brajrajnagar','21.82 N','83.91 E','Orissa'),
 (685,'Dhenkanal','20.67 N','85.60 E','Orissa'),
 (686,'Jaypur','18.86 N','82.56 E','Orissa'),
 (687,'Jharsuguda','21.87 N','84.01 E','Orissa'),
 (688,'Kataka','20.47 N','85.88 E','Orissa'),
 (689,'Kendujhar','21.63 N','85.58 E','Orissa'),
 (690,'Paradwip','20.32 N','86.62 E','Orissa'),
 (691,'Puri','19.81 N','85.83 E','Orissa'),
 (692,'Raurkela','22.24 N','84.81 E','Orissa'),
 (693,'Raurkela Industrial Township','','','Orissa'),
 (694,'Rayagada','19.18 N','83.41 E','Orissa'),
 (695,'Sambalpur','21.47 N','83.97 E','Orissa'),
 (696,'Sunabeda','18.69 N','82.86 E','Orissa'),
 (697,'Karaikal','10.93 N','79.83 E','Pondicherry'),
 (698,'Ozhukarai','11.94 N','79.77 E','Pondicherry'),
 (699,'Pondicherry','11.94 N','79.83 E','Pondicherry'),
 (700,'Abohar','30.14 N','74.20 E','Punjab'),
 (701,'Amritsar','31.64 N','74.87 E','Punjab'),
 (702,'Barnala','30.39 N','75.54 E','Punjab'),
 (703,'Batala','31.82 N','75.21 E','Punjab'),
 (704,'Bathinda','30.17 N','74.97 E','Punjab'),
 (705,'Dhuri','30.37 N','75.87 E','Punjab'),
 (706,'Faridkot','30.68 N','74.74 E','Punjab'),
 (707,'Fazilka','30.41 N','74.02 E','Punjab'),
 (708,'Firozpur','30.92 N','74.61 E','Punjab'),
 (709,'Firozpur Cantonment','30.95 N','74.60 E','Punjab'),
 (710,'Gobindgarh','30.66 N','76.31 E','Punjab'),
 (711,'Gurdaspur','32.04 N','75.40 E','Punjab'),
 (712,'Hoshiarpur','31.53 N','75.91 E','Punjab'),
 (713,'Jagraon','30.78 N','75.48 E','Punjab'),
 (714,'Jalandhar','31.33 N','75.57 E','Punjab'),
 (715,'Kapurthala','31.38 N','75.38 E','Punjab'),
 (716,'Khanna','30.71 N','76.21 E','Punjab'),
 (717,'Kot Kapura','30.59 N','74.80 E','Punjab'),
 (718,'Ludhiana','30.91 N','75.84 E','Punjab'),
 (719,'Malaut','30.23 N','74.48 E','Punjab'),
 (720,'Maler Kotla','30.54 N','75.87 E','Punjab'),
 (721,'Mansa','29.98 N','75.39 E','Punjab'),
 (722,'Moga','30.82 N','75.17 E','Punjab'),
 (723,'Mohali','30.78 N','76.69 E','Punjab'),
 (724,'Pathankot','32.27 N','75.64 E','Punjab'),
 (725,'Patiala','30.32 N','76.39 E','Punjab'),
 (726,'Phagwara','31.22 N','75.76 E','Punjab'),
 (727,'Rajpura','30.48 N','76.59 E','Punjab'),
 (728,'Rupnagar','30.98 N','76.52 E','Punjab'),
 (729,'Samana','30.15 N','76.20 E','Punjab'),
 (730,'Sangrur','30.25 N','75.84 E','Punjab'),
 (731,'Sirhind','30.65 N','76.38 E','Punjab'),
 (732,'Sunam','30.13 N','75.80 E','Punjab'),
 (733,'Tarn Taran','31.45 N','74.92 E','Punjab'),
 (734,'Ajmer','26.45 N','74.64 E','Rajasthan'),
 (735,'Alwar','27.56 N','76.60 E','Rajasthan'),
 (736,'Balotra','25.83 N','72.23 E','Rajasthan'),
 (737,'Banswara','23.54 N','74.44 E','Rajasthan'),
 (738,'Baran','25.10 N','76.51 E','Rajasthan'),
 (739,'Bari','26.65 N','77.60 E','Rajasthan'),
 (740,'Barmer','25.75 N','71.39 E','Rajasthan'),
 (741,'Beawar','26.10 N','74.30 E','Rajasthan'),
 (742,'Bharatpur','27.23 N','77.49 E','Rajasthan'),
 (743,'Bhilwara','25.35 N','74.63 E','Rajasthan'),
 (744,'Bhiwadi','','','Rajasthan'),
 (745,'Bikaner','28.03 N','73.32 E','Rajasthan'),
 (746,'Bundi','25.45 N','75.63 E','Rajasthan'),
 (747,'Chittaurgarh','24.89 N','74.63 E','Rajasthan'),
 (748,'Chomun','27.17 N','75.72 E','Rajasthan'),
 (749,'Churu','28.31 N','74.96 E','Rajasthan'),
 (750,'Daosa','26.88 N','76.33 E','Rajasthan'),
 (751,'Dhaulpur','26.70 N','77.87 E','Rajasthan'),
 (752,'Didwana','27.39 N','74.57 E','Rajasthan'),
 (753,'Fatehpur','27.99 N','74.95 E','Rajasthan'),
 (754,'Ganganagar','29.93 N','73.86 E','Rajasthan'),
 (755,'Gangapur','26.47 N','76.72 E','Rajasthan'),
 (756,'Hanumangarh','29.62 N','74.29 E','Rajasthan'),
 (757,'Hindaun','26.74 N','77.02 E','Rajasthan'),
 (758,'Jaipur','26.92 N','75.80 E','Rajasthan'),
 (759,'Jaisalmer','26.92 N','70.90 E','Rajasthan'),
 (760,'Jalor','25.35 N','72.62 E','Rajasthan'),
 (761,'Jhalawar','24.60 N','76.15 E','Rajasthan'),
 (762,'Jhunjhunun','28.13 N','75.39 E','Rajasthan'),
 (763,'Jodhpur','26.29 N','73.02 E','Rajasthan'),
 (764,'Karauli','26.50 N','77.02 E','Rajasthan'),
 (765,'Kishangarh','26.58 N','74.86 E','Rajasthan'),
 (766,'Kota','25.18 N','75.83 E','Rajasthan'),
 (767,'Kuchaman','27.15 N','74.85 E','Rajasthan'),
 (768,'Ladnun','27.64 N','74.38 E','Rajasthan'),
 (769,'Makrana','27.05 N','74.72 E','Rajasthan'),
 (770,'Nagaur','27.21 N','73.73 E','Rajasthan'),
 (771,'Nawalgarh','27.85 N','75.27 E','Rajasthan'),
 (772,'Nimbahera','24.62 N','74.68 E','Rajasthan'),
 (773,'Nokha','27.60 N','73.42 E','Rajasthan'),
 (774,'Pali','25.79 N','73.32 E','Rajasthan'),
 (775,'Rajsamand','25.07 N','73.88 E','Rajasthan'),
 (776,'Ratangarh','28.09 N','74.60 E','Rajasthan'),
 (777,'Sardarshahr','28.45 N','74.48 E','Rajasthan'),
 (778,'Sawai Madhopur','26.03 N','76.34 E','Rajasthan'),
 (779,'Sikar','27.61 N','75.13 E','Rajasthan'),
 (780,'Sujangarh','27.70 N','74.46 E','Rajasthan'),
 (781,'Suratgarh','29.32 N','73.90 E','Rajasthan'),
 (782,'Tonk','26.17 N','75.78 E','Rajasthan'),
 (783,'Udaipur','24.58 N','73.69 E','Rajasthan'),
 (784,'Alandur','13.03 N','80.23 E','Tamil Nadu'),
 (785,'Ambattur','13.11 N','80.17 E','Tamil Nadu'),
 (786,'Ambur','12.80 N','78.72 E','Tamil Nadu'),
 (787,'Arakonam','13.08 N','79.67 E','Tamil Nadu'),
 (788,'Arani','12.68 N','79.28 E','Tamil Nadu'),
 (789,'Aruppukkottai','9.51 N','78.09 E','Tamil Nadu'),
 (790,'Attur','11.60 N','78.60 E','Tamil Nadu'),
 (791,'Avadi','13.12 N','80.11 E','Tamil Nadu'),
 (792,'Avaniapuram','9.86 N','78.12 E','Tamil Nadu'),
 (793,'Bodinayakkanur','10.01 N','77.35 E','Tamil Nadu'),
 (794,'Chengalpattu','12.70 N','79.97 E','Tamil Nadu'),
 (795,'Dharapuram','10.74 N','77.52 E','Tamil Nadu'),
 (796,'Dharmapuri','12.13 N','78.16 E','Tamil Nadu'),
 (797,'Dindigul','10.36 N','77.97 E','Tamil Nadu'),
 (798,'Erode','11.35 N','77.73 E','Tamil Nadu'),
 (799,'Gopichettipalaiyam','11.46 N','77.43 E','Tamil Nadu'),
 (800,'Gudalur','11.76 N','79.75 E','Tamil Nadu'),
 (801,'Gudiyattam','12.95 N','78.86 E','Tamil Nadu'),
 (802,'Hosur','12.72 N','77.82 E','Tamil Nadu'),
 (803,'Idappadi','11.58 N','77.85 E','Tamil Nadu'),
 (804,'Kadayanallur','9.08 N','77.35 E','Tamil Nadu'),
 (805,'Kambam','9.74 N','77.28 E','Tamil Nadu'),
 (806,'Kanchipuram','12.84 N','79.70 E','Tamil Nadu'),
 (807,'Karur','10.96 N','78.07 E','Tamil Nadu'),
 (808,'Kavundampalaiyam','11.05 N','76.92 E','Tamil Nadu'),
 (809,'Kovilpatti','9.19 N','77.86 E','Tamil Nadu'),
 (810,'Koyampattur','11.01 N','76.96 E','Tamil Nadu'),
 (811,'Krishnagiri','12.54 N','78.21 E','Tamil Nadu'),
 (812,'Kumarapalaiyam','11.44 N','77.73 E','Tamil Nadu'),
 (813,'Kumbakonam','10.97 N','79.38 E','Tamil Nadu'),
 (814,'Kuniyamuthur','10.98 N','76.95 E','Tamil Nadu'),
 (815,'Kurichi','10.92 N','76.96 E','Tamil Nadu'),
 (816,'Madhavaram','13.02 N','80.26 E','Tamil Nadu'),
 (817,'Madras','13.09 N','80.27 E','Tamil Nadu'),
 (818,'Madurai','9.92 N','78.12 E','Tamil Nadu'),
 (819,'Maduravoyal','','','Tamil Nadu'),
 (820,'Mannargudi','10.67 N','79.45 E','Tamil Nadu'),
 (821,'Mayiladuthurai','11.11 N','79.65 E','Tamil Nadu'),
 (822,'Mettupalayam','11.30 N','76.94 E','Tamil Nadu'),
 (823,'Mettur','11.80 N','77.80 E','Tamil Nadu'),
 (824,'Nagapattinam','10.80 N','79.84 E','Tamil Nadu'),
 (825,'Nagercoil','8.18 N','77.43 E','Tamil Nadu'),
 (826,'Namakkal','11.23 N','78.17 E','Tamil Nadu'),
 (827,'Nerkunram','13.04 N','80.26 E','Tamil Nadu'),
 (828,'Neyveli','11.62 N','79.48 E','Tamil Nadu'),
 (829,'Pallavaram','12.99 N','80.16 E','Tamil Nadu'),
 (830,'Pammal','12.97 N','80.11 E','Tamil Nadu'),
 (831,'Pannuratti','11.78 N','79.55 E','Tamil Nadu'),
 (832,'Paramakkudi','9.54 N','78.59 E','Tamil Nadu'),
 (833,'Pattukkottai','10.43 N','79.31 E','Tamil Nadu'),
 (834,'Pollachi','10.67 N','77.00 E','Tamil Nadu'),
 (835,'Pudukkottai','10.39 N','78.82 E','Tamil Nadu'),
 (836,'Puliyankudi','9.18 N','77.40 E','Tamil Nadu'),
 (837,'Punamalli','13.05 N','80.11 E','Tamil Nadu'),
 (838,'Rajapalaiyam','9.46 N','77.55 E','Tamil Nadu'),
 (839,'Ramanathapuram','9.37 N','78.83 E','Tamil Nadu'),
 (840,'Salem','11.67 N','78.16 E','Tamil Nadu'),
 (841,'Sankarankoil','9.17 N','77.54 E','Tamil Nadu'),
 (842,'Sivakasi','9.46 N','77.79 E','Tamil Nadu'),
 (843,'Srivilliputtur','9.52 N','77.63 E','Tamil Nadu'),
 (844,'Tambaram','12.93 N','80.12 E','Tamil Nadu'),
 (845,'Tenkasi','8.96 N','77.31 E','Tamil Nadu'),
 (846,'Thanjavur','10.79 N','79.13 E','Tamil Nadu'),
 (847,'Theni Allinagaram','10.02 N','77.48 E','Tamil Nadu'),
 (848,'Thiruthangal','9.48 N','77.83 E','Tamil Nadu'),
 (849,'Thiruvarur','10.78 N','79.64 E','Tamil Nadu'),
 (850,'Thuthukkudi','8.81 N','78.14 E','Tamil Nadu'),
 (851,'Tindivanam','12.24 N','79.65 E','Tamil Nadu'),
 (852,'Tiruchchirappalli','10.81 N','78.69 E','Tamil Nadu'),
 (853,'Tiruchengode','11.38 N','77.90 E','Tamil Nadu'),
 (854,'Tirunelveli','8.73 N','77.69 E','Tamil Nadu'),
 (855,'Tirupathur','12.50 N','78.57 E','Tamil Nadu'),
 (856,'Tiruppur','11.09 N','77.35 E','Tamil Nadu'),
 (857,'Tiruvannamalai','12.24 N','79.07 E','Tamil Nadu'),
 (858,'Tiruvottiyur','13.16 N','80.29 E','Tamil Nadu'),
 (859,'Udagamandalam','11.42 N','76.69 E','Tamil Nadu'),
 (860,'Udumalaipettai','10.58 N','77.24 E','Tamil Nadu'),
 (861,'Valparai','10.38 N','76.99 E','Tamil Nadu'),
 (862,'Vaniyambadi','12.69 N','78.60 E','Tamil Nadu'),
 (863,'Velampalaiyam','','','Tamil Nadu'),
 (864,'Velluru','12.92 N','79.13 E','Tamil Nadu'),
 (865,'Viluppuram','11.95 N','79.49 E','Tamil Nadu'),
 (866,'Virappanchatram','11.40 N','77.70 E','Tamil Nadu'),
 (867,'Virudhachalam','11.51 N','79.32 E','Tamil Nadu'),
 (868,'Virudunagar','9.59 N','77.95 E','Tamil Nadu'),
 (869,'Agartala','23.84 N','91.27 E','Tripura'),
 (870,'Agartala MCl','','','Tripura'),
 (871,'Badharghat','','','Tripura'),
 (872,'Agra','27.19 N','78.01 E','Uttar Pradesh'),
 (873,'Aligarh','27.89 N','78.06 E','Uttar Pradesh'),
 (874,'Allahabad','25.45 N','81.84 E','Uttar Pradesh'),
 (875,'Amroha','28.91 N','78.46 E','Uttar Pradesh'),
 (876,'Aonla','28.28 N','79.15 E','Uttar Pradesh'),
 (877,'Auraiya','26.47 N','79.50 E','Uttar Pradesh'),
 (878,'Ayodhya','26.80 N','82.20 E','Uttar Pradesh'),
 (879,'Azamgarh','26.07 N','83.18 E','Uttar Pradesh'),
 (880,'Baheri','28.78 N','79.50 E','Uttar Pradesh'),
 (881,'Bahraich','27.58 N','81.59 E','Uttar Pradesh'),
 (882,'Ballia','25.76 N','84.15 E','Uttar Pradesh'),
 (883,'Balrampur','27.43 N','82.18 E','Uttar Pradesh'),
 (884,'Banda','25.48 N','80.33 E','Uttar Pradesh'),
 (885,'Baraut','29.10 N','77.26 E','Uttar Pradesh'),
 (886,'Bareli','28.36 N','79.41 E','Uttar Pradesh'),
 (887,'Basti','26.80 N','82.74 E','Uttar Pradesh'),
 (888,'Behta Hajipur','','','Uttar Pradesh'),
 (889,'Bela','25.92 N','81.99 E','Uttar Pradesh'),
 (890,'Bhadohi','25.40 N','82.56 E','Uttar Pradesh'),
 (891,'Bijnor','29.38 N','78.13 E','Uttar Pradesh'),
 (892,'Bisalpur','28.30 N','79.80 E','Uttar Pradesh'),
 (893,'Biswan','27.50 N','81.00 E','Uttar Pradesh'),
 (894,'Budaun','28.04 N','79.12 E','Uttar Pradesh'),
 (895,'Bulandshahr','28.41 N','77.85 E','Uttar Pradesh'),
 (896,'Chandausi','28.46 N','78.78 E','Uttar Pradesh'),
 (897,'Chandpur','29.14 N','78.27 E','Uttar Pradesh'),
 (898,'Chhibramau','27.15 N','79.52 E','Uttar Pradesh'),
 (899,'Chitrakut Dham','25.20 N','80.84 E','Uttar Pradesh'),
 (900,'Dadri','28.57 N','77.55 E','Uttar Pradesh'),
 (901,'Deoband','29.70 N','77.67 E','Uttar Pradesh'),
 (902,'Deoria','26.51 N','83.78 E','Uttar Pradesh'),
 (903,'Etah','27.57 N','78.64 E','Uttar Pradesh'),
 (904,'Etawah','26.78 N','79.01 E','Uttar Pradesh'),
 (905,'Faizabad','26.78 N','82.14 E','Uttar Pradesh'),
 (906,'Faridpur','28.22 N','79.53 E','Uttar Pradesh'),
 (907,'Farrukhabad','27.40 N','79.57 E','Uttar Pradesh'),
 (908,'Fatehpur','25.93 N','80.81 E','Uttar Pradesh'),
 (909,'Firozabad','27.15 N','78.39 E','Uttar Pradesh'),
 (910,'Gajraula','28.85 N','78.23 E','Uttar Pradesh'),
 (911,'Ganga Ghat','26.52 N','80.45 E','Uttar Pradesh'),
 (912,'Gangoh','29.77 N','77.25 E','Uttar Pradesh'),
 (913,'Ghaziabad','28.66 N','77.41 E','Uttar Pradesh'),
 (914,'Ghazipur','25.59 N','83.59 E','Uttar Pradesh'),
 (915,'Gola Gokarannath','28.08 N','80.47 E','Uttar Pradesh'),
 (916,'Gonda','27.14 N','81.95 E','Uttar Pradesh'),
 (917,'Gorakhpur','26.76 N','83.36 E','Uttar Pradesh'),
 (918,'Hapur','28.73 N','77.77 E','Uttar Pradesh'),
 (919,'Hardoi','27.42 N','80.12 E','Uttar Pradesh'),
 (920,'Hasanpur','28.72 N','78.28 E','Uttar Pradesh'),
 (921,'Hathras','27.60 N','78.04 E','Uttar Pradesh'),
 (922,'Jahangirabad','28.42 N','78.10 E','Uttar Pradesh'),
 (923,'Jalaun','26.15 N','79.35 E','Uttar Pradesh'),
 (924,'Jaunpur','25.76 N','82.69 E','Uttar Pradesh'),
 (925,'Jhansi','25.45 N','78.56 E','Uttar Pradesh'),
 (926,'Kadi','23.31 N','72.33 E','Uttar Pradesh'),
 (927,'Kairana','29.40 N','77.20 E','Uttar Pradesh'),
 (928,'Kannauj','27.06 N','79.91 E','Uttar Pradesh'),
 (929,'Kanpur','26.47 N','80.33 E','Uttar Pradesh'),
 (930,'Kanpur Cantonment','26.50 N','80.28 E','Uttar Pradesh'),
 (931,'Kasganj','27.81 N','78.63 E','Uttar Pradesh'),
 (932,'Khatauli','29.28 N','77.72 E','Uttar Pradesh'),
 (933,'Khora','','','Uttar Pradesh'),
 (934,'Khurja','28.26 N','77.85 E','Uttar Pradesh'),
 (935,'Kiratpur','29.52 N','78.20 E','Uttar Pradesh'),
 (936,'Kosi Kalan','27.80 N','77.44 E','Uttar Pradesh'),
 (937,'Laharpur','27.72 N','80.90 E','Uttar Pradesh'),
 (938,'Lakhimpur','27.95 N','80.78 E','Uttar Pradesh'),
 (939,'Lakhnau','26.85 N','80.92 E','Uttar Pradesh'),
 (940,'Lakhnau Cantonment','26.81 N','80.97 E','Uttar Pradesh'),
 (941,'Lalitpur','24.70 N','78.41 E','Uttar Pradesh'),
 (942,'Loni','28.75 N','77.28 E','Uttar Pradesh'),
 (943,'Mahoba','25.30 N','79.87 E','Uttar Pradesh'),
 (944,'Mainpuri','27.24 N','79.02 E','Uttar Pradesh'),
 (945,'Mathura','27.50 N','77.68 E','Uttar Pradesh'),
 (946,'Mau','25.96 N','83.56 E','Uttar Pradesh'),
 (947,'Mauranipur','25.24 N','79.13 E','Uttar Pradesh'),
 (948,'Mawana','29.11 N','77.91 E','Uttar Pradesh'),
 (949,'Mirat','28.99 N','77.70 E','Uttar Pradesh'),
 (950,'Mirat Cantonment','29.02 N','77.67 E','Uttar Pradesh'),
 (951,'Mirzapur','25.16 N','82.56 E','Uttar Pradesh'),
 (952,'Modinagar','28.92 N','77.62 E','Uttar Pradesh'),
 (953,'Moradabad','28.84 N','78.76 E','Uttar Pradesh'),
 (954,'Mubarakpur','26.09 N','83.28 E','Uttar Pradesh'),
 (955,'Mughal Sarai','25.30 N','83.12 E','Uttar Pradesh'),
 (956,'Muradnagar','28.78 N','77.50 E','Uttar Pradesh'),
 (957,'Muzaffarnagar','29.48 N','77.69 E','Uttar Pradesh'),
 (958,'Nagina','29.45 N','78.43 E','Uttar Pradesh'),
 (959,'Najibabad','29.62 N','78.33 E','Uttar Pradesh'),
 (960,'Nawabganj','26.94 N','81.19 E','Uttar Pradesh'),
 (961,'Noida','28.58 N','77.33 E','Uttar Pradesh'),
 (962,'Obra','24.42 N','82.98 E','Uttar Pradesh'),
 (963,'Orai','25.99 N','79.45 E','Uttar Pradesh'),
 (964,'Pilibhit','28.64 N','79.81 E','Uttar Pradesh'),
 (965,'Pilkhuwa','28.72 N','77.65 E','Uttar Pradesh'),
 (966,'Varanasi','30.19N','52.21E','Uttar Pradesh');
/*!40000 ALTER TABLE `tblcitylist` ENABLE KEYS */;


--
-- Definition of table `tdr`
--

DROP TABLE IF EXISTS `tdr`;
CREATE TABLE `tdr` (
  `pnr` int(10) unsigned NOT NULL,
  `user_id` varchar(45) NOT NULL,
  `farerefund` varchar(45) NOT NULL,
  `clas` varchar(45) NOT NULL,
  `noofseatcanceled` varchar(45) NOT NULL,
  `totalfarebook` varchar(45) NOT NULL,
  `cancellationcharge` varchar(45) NOT NULL,
  `s.no` int(10) unsigned NOT NULL auto_increment,
  PRIMARY KEY  USING BTREE (`s.no`)
) ENGINE=InnoDB AUTO_INCREMENT=1011 DEFAULT CHARSET=latin1;

--
-- Dumping data for table `tdr`
--

/*!40000 ALTER TABLE `tdr` DISABLE KEYS */;
INSERT INTO `tdr` (`pnr`,`user_id`,`farerefund`,`clas`,`noofseatcanceled`,`totalfarebook`,`cancellationcharge`,`s.no`) VALUES 
 (1111111,'demo','3000','AC','3','1001','1001',1001),
 (738309888,'nass','700','SL','1','1233','100',1002),
 (738309888,'nass','700','SL','1','1233','100',1003),
 (738309888,'nass','700','SL','1','1233','100',1004),
 (890044928,'nass','1200','AC','2','2412','400',1005),
 (890044928,'nass','600','AC','1','2412','200',1006),
 (682976000,'nass','600','AC','1','812','200',1007),
 (738309888,'nass','700','SL','1','1233','100',1008),
 (162083968,'nass','480','AC','1','1372','200',1009),
 (694376128,'nass','480','AC','1','1372','200',1010);
/*!40000 ALTER TABLE `tdr` ENABLE KEYS */;


--
-- Definition of table `time_schedule`
--

DROP TABLE IF EXISTS `time_schedule`;
CREATE TABLE `time_schedule` (
  `scd_id` int(10) unsigned NOT NULL auto_increment,
  `train_no` varchar(45) NOT NULL,
  `source_sta` varchar(45) NOT NULL,
  `dest_sta` varchar(45) NOT NULL,
  `arvi` varchar(45) NOT NULL,
  `dept` varchar(45) NOT NULL,
  `distance` varchar(45) NOT NULL,
  PRIMARY KEY  (`scd_id`)
) ENGINE=InnoDB AUTO_INCREMENT=1527 DEFAULT CHARSET=latin1;

--
-- Dumping data for table `time_schedule`
--

/*!40000 ALTER TABLE `time_schedule` DISABLE KEYS */;
INSERT INTO `time_schedule` (`scd_id`,`train_no`,`source_sta`,`dest_sta`,`arvi`,`dept`,`distance`) VALUES 
 (1001,'15707','GKP(Gorakhpur)','NDLS(New Delhi)','12:15','12:25','783'),
 (1002,'15707','GKP(Gorakhpur)','LKO(Lucknow)','12:15','12:25','733'),
 (1003,'15707','GKP(Gorakhpur)','CNB(Kanpur Central)','12:15','12:25','600'),
 (1004,'15707','GKP(Gorakhpur)','TDL(Tundla)','12:15','12:25','520'),
 (1005,'15707','GKP(Gorakhpur)','GZB(Ghaziabad)','12:15','12:25','400'),
 (1006,'15707','LKO(Lucknow)','NDLS(New Delhi)','14:15','14:25','350'),
 (1007,'15707','LKO(Lucknow)','GZB(Ghaziabad)','14:15','14:25','234'),
 (1008,'15707','LKO(Lucknow)','CNB(Kanpur Central)','14:15','14:25','344'),
 (1009,'15707','LKO(Lucknow)','TDL(Tundla)','14:15','14:25','345'),
 (1010,'15707','CNB(Kanpur Central)','TDL(Tundla)','15:15','15:20','300'),
 (1111,'15707','CNB(Kanpur Central)','GZB(Ghaziabad)','15:15','15:20','350'),
 (1112,'15707','CNB(Kanpur Central)','NDLS(New Delhi)','15:15','15:20','400'),
 (1113,'15707','TDL(Tundla)','GZB(Ghaziabad)','17:50','17:55','200'),
 (1114,'15707','TDL(Tundla)','NDLS(New Delhi)','17:50','17:55','100'),
 (1115,'14723','CNB(Kanpur Central)','NDLS(New Delhi)','17:05','05:30','482'),
 (1116,'14723','CNB(Kanpur Central)','GZB(Ghaziabad)','17:05','04:48','400'),
 (1117,'14723','CNB(Kanpur Central)','TDL(Tundla)','17:05','00:50','282'),
 (1118,'14723','CNB(Kanpur Central)','FBD(Farrukhabad)','17:05','20:20','140'),
 (1119,'14723','FBD(Farrukhabad)','NDLS(New Delhi)','20:20','05:30','340'),
 (1120,'14723','FBD(Farrukhabad)','GZB(Ghaziabad)','20:20','04:48','260'),
 (1121,'14723','FBD(Farrukhabad)','TDL(Tundla)','20:20','00:50','142'),
 (1122,'14723','TDL(Tundla)','NDLS(New Delhi)','00:50','05:30','200'),
 (1123,'14723','TDL(Tundla)','GZB(Ghaziabad)','00:50','04:48','128'),
 (1124,'14723','GZB(Ghaziabad)','NDLS(New Delhi)','04:48','05:30','082'),
 (1125,'12553','BJU(Barauni JN)','NDLS(New Delhi)','09:30','06:30','1187'),
 (1126,'12553','BJU(Barauni JN)','CNB(Kanpur Central)','09:30','00:00','750'),
 (1127,'12553','BJU(Barauni JN)','LKN(Lucknow City)','09:30','23:00','670'),
 (1128,'12553','BJU(Barauni JN)','GKP(Gorakhpur)','09:30','16:50','360'),
 (1129,'12553','BJU(Barauni JN)','MFP(Muzaffarpur JN)','09:30','11:23','103'),
 (1130,'12553','MFP(Muzaffarpur JN)','NDLS(New Delhi)','11:23','09:30','1083'),
 (1131,'12553','MFP(Muzaffarpur JN)','CNB(Kanpur Central)','11:23','00:00','647'),
 (1132,'12553','MFP(Muzaffarpur JN)','LKN(Lucknow City)','11:23','23:00','567'),
 (1133,'12553','MFP(Muzaffarpur JN)','GKP(Gorakhpur)','11:23','16:50','257'),
 (1134,'12553','GKP(Gorakhpur)','NDLS(New Delhi)','16:50','06:30','782'),
 (1135,'12553','GKP(Gorakhpur)','CNB(Kanpur Central)','16:50','00:00','342'),
 (1136,'12553','GKP(Gorakhpur)','LKN(Lucknow City)','16:50','23:00','424'),
 (1137,'12553','LKN(Lucknow City)','NDLS(New Delhi)','23:00','06:30','582'),
 (1138,'12553','LKN(Lucknow City)','CNB(Kanpur Central)','23:00','00:00','82'),
 (1139,'12553','CNB(Kanpur Central)','NDLS(New Delhi)','00:00','06:30','482'),
 (1140,'12555','GKP(Gorakhpur)','NDLS(New Delhi)','16:35','05:50','782'),
 (1141,'12555','GKP(Gorakhpur)','CNB(Kanpur Central)','16:35','23:23','342'),
 (1142,'12555','GKP(Gorakhpur)','LKN(Lucknow City)','16:35','22:00','271'),
 (1143,'12555','LKN(Lucknow City)','NDLS(New Delhi)','22:00','05:50','511'),
 (1144,'12555','LKN(Lucknow City)','CNB(Kanpur Central)','22:00','23:23','82'),
 (1145,'12555','CNB(Kanpur Central)','NDLS(New Delhi)','23:23','05:50','482'),
 (1146,'12305','HWH(Howrah)','NDLS(New Delhi)','14:05','09:55','1529'),
 (1147,'12305','HWH(Howrah)','CNB(Kanpur Central)','14:05','04:45','1090'),
 (1148,'12305','HWH(Howrah)','ALD(Allahabad)','14:05','02:43','896'),
 (1149,'12305','HWH(Howrah)','MGS(MughalSarai JN)','14:05','00:45','744'),
 (1150,'12305','HWH(Howrah)','PNBE(Patna JN)','14:05','21:25','532'),
 (1151,'12305','PNBE(Patna JN)','NDLS(New Delhi)','21:25','09:55','997'),
 (1152,'12305','PNBE(Patna JN)','CNB(Kanpur Central)','21:25','04:45','548'),
 (1153,'12305','PNBE(Patna JN)','ALD(Allahabad)','21:25','12:43','346'),
 (1154,'12305','PNBE(Patna JN)','MGS(MughalSarai JN)','21:25','00:45','212'),
 (1155,'12305','MGS(MughalSarai JN)','NDLS(New Delhi)','00:45','09:45','1137'),
 (1156,'12305','MGS(MughalSarai JN)','CNB(Kanpur Central)','00:45','04:45','640'),
 (1157,'12305','MGS(MughalSarai JN)','ALD(Allahabad)','00:45','12:43','152'),
 (1158,'12305','ALD(Allahabad)','NDLS(New Delhi)','13:43','09:45','633'),
 (1159,'12305','ALD(Allahabad)','CNB(Kanpur Central)','13:43','04:45','198'),
 (1160,'12305','CNB(Kanpur Central)','NDLS(New Delhi)','04:45','09:45','448'),
 (1161,'12304','HWH(Howrah)','NDLS(New Delhi)','16:55','16:20','1515'),
 (1162,'12304','HWH(Howrah)','CNB(Kanpur Central)','16:55','10:00','1168'),
 (1163,'12304','HWH(Howrah)','ALD(Allahabad)','16:55','07:30','894'),
 (1164,'12304','HWH(Howrah)','MGS(MughalSarai JN)','16:55','04:40','750'),
 (1165,'12304','MGS(MughalSarai JN)','NDLS(New Delhi)','04:40','16:20','765'),
 (1166,'12304','MGS(MughalSarai JN)','CNB(Kanpur Central)','04:40','10:00','418'),
 (1167,'12304','MGS(MughalSarai JN)','ALD(Allahabad)','04:40','07:30','144'),
 (1168,'12304','ALD(Allahabad)','NDLS(New Delhi)','07:30','16:20','621'),
 (1169,'12304','ALD(Allahabad)','CNB(Kanpur Central)','07:30','10:00','144'),
 (1170,'12304','CNB(Kanpur Central)','NDLS(New Delhi)','10:00','16:20','484'),
 (1171,'12802','PURI(Puri)','NDLS(New Delhi)','22:20','05:30','1863'),
 (1172,'12802','PURI(Puri)','CNB(Kanpur Central)','22:20','22:00','1398'),
 (1173,'12802','PURI(Puri)','ALD(Allahabad)','22:20','20:00','1200'),
 (1174,'12802','PURI(Puri)','MGS(MughalSarai JN)','22:20','15:00','1030'),
 (1175,'12802','PURI(Puri)','GAYA(Gaya)','22:20','10:00','800'),
 (1176,'12802','PURI(Puri)','TATA(Tata)','22:20','05:00','478'),
 (1178,'12802','TATA(Tata)','NDLS(New Delhi)','05:00','05:30','1398'),
 (1179,'12802','TATA(Tata)','CNB(Kanpur Central)','05:00','22:00','876'),
 (1180,'12802','TATA(Tata)','ALD(Allahabad)','05:00','20:00','700'),
 (1181,'12802','TATA(Tata)','MGS(MughalSarai JN)','05:00','15:00','589'),
 (1182,'12802','TATA(Tata)','GAYA(Gaya)','05:00','10:00','365'),
 (1183,'12802','GAYA(Gaya)','NDLS(New Delhi)','10:00','05:30','1063'),
 (1184,'12802','GAYA(Gaya)','CNB(Kanpur Central)','10:00','22:20','589'),
 (1185,'12802','GAYA(Gaya)','ALD(Allahabad)','10:00','20:00','400'),
 (1186,'12802','GAYA(Gaya)','MGS(MughalSarai JN)','10:00','15:00','230'),
 (1187,'12802','MGS(MughalSarai JN)','NDLS(New Delhi)','15:00','05:30','830'),
 (1188,'12802','MGS(MughalSarai JN)','CNB(Kanpur Central)','15:00','22:20','530'),
 (1189,'12802','MGS(MughalSarai JN)','ALD(Allahabad)','15:00','20:00','350'),
 (1190,'12802','ALD(Allahabad)','NDLS(New Delhi)','20:00','05:30','660'),
 (1191,'12802','ALD(Allahabad)','CNB(Kanpur Central)','20:00','22:20','182'),
 (1192,'12802','CNB(Kanpur Central)','NDLS(New Delhi)','22:20','05:30','482'),
 (1193,'12003','LKO(Lucknow)','NDLS(New Delhi)','15:30','22:00','511'),
 (1194,'12003','LKO(Lucknow)','ALIJN(Aligarh JN)','15:30','20:00','380'),
 (1195,'12003','LKO(Lucknow)','ETW(Etawah JN.)','15:30','18:00','210'),
 (1196,'12003','LKO(Lucknow)','CNB(Kanpur Central)','15:30','17:00','72'),
 (1197,'12003','CNB(Kanpur Central)','NDLS(New Delhi)','17:00','22:00','482'),
 (1198,'12003','CNB(Kanpur Central)','ALIJN(Aligarh JN)','17:00','20:00','288'),
 (1199,'12003','CNB(Kanpur Central)','ETW(Etawah JN.)','17:00','18:00','140'),
 (1200,'12003','ETW(Etawah JN)','NDLS(New Delhi)','18:00','22:00','300'),
 (1201,'12003','ETW(Etawah JN)','ALIJN(Aligarh JN)','18:00','20:00','170'),
 (1202,'12003','ALIJN(Aligarh JN)','NDLS(New Delhi)','20:00','22:00','130'),
 (1203,'12554','BJU(Barauni JN)','NDLS(New Delhi)','17:15','19:00','1190'),
 (1204,'12554','BJU(Barauni JN)','GZB(Ghaziabad)','17:15','18:20','1160'),
 (1205,'12554','BJU(Barauni JN)','CNB(Kanpur Central)','17:15','12:30','791'),
 (1206,'12554','BJU(Barauni JN)','LJN(Lucknow JN)','17:15','10:50','710'),
 (1207,'12554','BJU(Barauni JN)','MFP(Muzaffarpur JN)','17:15','23:40','197'),
 (1208,'12554','MFP(Muzaffarpur JN)','NDLS(New Delhi)','23:40','19:00','1000'),
 (1209,'12554','MFP(Muzaffarpur JN)','GZB(Ghaziabad)','23:40','18:20','960'),
 (1210,'12554','MFP(Muzaffarpur JN)','CNB(Kanpur Central)','23:40','12:30','512'),
 (1211,'12554','MFP(Muzaffarpur JN)','LJN(Lucknow JN)','23:40','10:50','430'),
 (1212,'12554','LJN(Lucknow JN)','NDLS(New Delhi)','10:50','19:00','562'),
 (1213,'12544','LJN(Lucknow JN)','GZB(Ghaziabad)','10:50','18:20','482'),
 (1214,'12554','LJN(Lucknow JN)','CNB(Kanpur Central)','10:50','12:30','80'),
 (1215,'12554','CNB(Kanpur Central)','NDLS(New Delhi)','12:30','19:00','482'),
 (1216,'12554','CNB(Kanpur Central)','GZB(Ghaziabad)','12:30','18:20','400'),
 (1217,'12650','NZM(H Nizammudin)','YPR(Yeswantpur JN)','06:45','19:10','2276'),
 (1218,'12650','NZM(H Nizammudin)','KCG(Kachiguda)','06:45','07:00','1666'),
 (1219,'12650','NZM(H Nizammudin)','NGP(Nagpur)','06:45','22:00','1100'),
 (1220,'12650','NZM(H Nizammudin)','BPL(Bhopal JN)','06:45','16:00','700'),
 (1221,'12650','NZM(H Nizammudin)','JHS(Jhasi JN)','06:45','12:00','403'),
 (1222,'12650','JHS(Jhasi JN)','YPR(Yeswantpur JN)','12:00','19:10','1873'),
 (1223,'12650','JHS(Jhasi JN)','KCG(Kachiguda)','12:00','07:00','1263'),
 (1224,'12650','KCG(Kachiguda)','BPL(Bhopal JN)','12:00','16:00','293'),
 (1225,'12650','BPL(Bhopal JN)','YPR(Yeswantpur JN)','16:00','19:10','1576'),
 (1226,'12650','BPL(Bhopal JN)','KCG(Kachiguda)','16:00','07:00','966'),
 (1227,'12650','BPL(Bhopal JN)','NGP(Nagpur)','16:00','22:00','400'),
 (1228,'12650','NGP(Nagpur)','YPR(Yeswantpur JN)','22:00','19:10','1176'),
 (1229,'12650','NGP(Nagpur)','KCG(Kachiguda)','22:00','07:00','566'),
 (1300,'12650','KCG(Kachiguda)','YPR(Yeswantpur JN)','07:00','19:10','610'),
 (1301,'12533','LJN(Lucknow JN)','CSTM(Mumbai CST)','20:00','20:00','1420'),
 (1302,'12533','LJN(Lucknow JN)','NK(Nasik Road)','20:00','15:15','1240'),
 (1303,'12533','LJN(Lucknow JN)','ET(Itarsi JN)','20:00','07:40','680'),
 (1304,'12533','LJN(Lucknow JN)','BPL(Bhopal JN)','20:00','06:00','590'),
 (1305,'12533','LJN(Lucknow JN)','JHS(Jhasi JN)','20:00','01:30','300'),
 (1306,'12533','LJN(Lucknow JN)','CNB(Kanpur Central)','20:00','21:30','80'),
 (1307,'12533','CNB(Kanpur Central)','CSTM(Mumbai CST)','21:30','20:00','1360'),
 (1308,'12533','CNB(Kanpur Central)','NK(Nasik Road)','21:30','15:15','1160'),
 (1309,'12533','CNB(Kanpur Central)','ET(Itarsi JN)','21:30','07:40','600'),
 (1310,'12533','CNB(Kanpur Central)','BPL(Bhopal JN)','21:30','06:00','510'),
 (1311,'12533','CNB(Kanpur Central)','JHS(Jhasi JN)','21:30','01:30','220'),
 (1312,'12533','JHS(Jhasi JN)','CSTM(Mumbai CST)','01:30','20:00','1120'),
 (1313,'12533','JHS(Jhasi JN)','NK(Nasik Road)','01:30','15:15','940'),
 (1314,'12533','JHS(Jhasi JN)','ET(Itarsi JN)','01:30','07:40','280'),
 (1315,'12533','JHS(Jhasi JN)','BPL(Bhopal JN)','01:30','06:00','190'),
 (1316,'12533','BPL(Bhopal JN)','CSTM(Mumbai CST)','06:00','20:00','830'),
 (1317,'12533','BPL(Bhopal JN)','NK(Nasik Road)','06:00','15:15','650'),
 (1318,'12533','BPL(Bhopal JN)','ET(Itarsi JN)','06:00','07:40','90'),
 (1319,'12533','ET(Itarsi JN)','CSTM(Mumbai CST)','07:40','20:00','740'),
 (1320,'12533','ET(Itarsi JN)','NK(Nasik Road)','07:40','15:15','560'),
 (1321,'12533','NK(Nasik Road)','CSTM(Mumbai CST)','15:15','20:00','280'),
 (1322,'12541','GKP(Gorakhpur)','LTT(Lokmanyatilak T)','21:30','04:00','1680'),
 (1323,'12541','GKP(Gorakhpur)','KNW(Khandwa)','21:30','18:00','1120'),
 (1324,'12541','GKP(Gorakhpur)','BPL(Bhopal JN)','21:30','01:00','850'),
 (1325,'12541','GKP(Gorakhpur)','JHS(Jhasi JN)','21:30','09:30','550'),
 (1326,'12541','GKP(Gorakhpur)','CNB(Kanpur Central)','21:30','05:30','350'),
 (1327,'12541','GKP(Gorakhpur)','LJN(Lucknow JN)','21:30','04:00','270'),
 (1328,'12541','LJN(Lucknow JN)','LTT(Lokmanyatilak T)','04:00','04:00','1410'),
 (1329,'12541','LJN(Lucknow JN)','KNW(Khandwa)','04:00','18:00','810'),
 (1330,'12541','LJN(Lucknow JN)','BPL(Bhopal JN)','04:00','01:00','510'),
 (1331,'12541','LJN(Lucknow JN)','JHS(Jhasi JN)','04:00','09:30','240'),
 (1332,'12541','LJN(Lucknow JN)','CNB(Kanpur Central)','04:00','05:30','80'),
 (1333,'12541','CNB(Kanpur Central)','LTT(Lokmanyatilak T)','05:30','04:00','1330'),
 (1334,'12541','CNB(Kanpur Central)','KNW(Khandwa)','05:30','18:00','770'),
 (1335,'12541','CNB(Kanpur Central)','BPL(Bhopal JN)','05:30','01:00','500'),
 (1336,'12541','CNB(Kanpur Central)','JHS(Jhasi JN)','05:30','09:30','200'),
 (1337,'12541','JHS(Jhasi JN)','LTT(Lokmanyatilak T)','09:30','04:00','1130'),
 (1338,'12541','JHS(Jhasi JN)','KNW(Khandwa)','09:30','18:00','670'),
 (1339,'12541','JHS(Jhasi JN)','BPL(Bhopal JN)','09:30','01:00','300'),
 (1340,'12541','BPL(Bhopal JN)','LTT(Lokmanyatilak T)','01:00','04:00','830'),
 (1341,'12541','BPL(Bhopal JN)','KNW(Khandwa)','01:00','18:00','270'),
 (1342,'12541','KNW(Khandwa)','LTT(Lokmanyatilak T)','18:00','04:00','560'),
 (1343,'18101','TATA(Tata)','JAT(Jammu Tawi)','14:50','14:10','2026'),
 (1344,'18101','BDL(Vindhyachal)','JAT(Jammu Tawi)','07:22','14:10','1363'),
 (1345,'18101','CNB(Kanpur Central)','JAT(Jammu Tawi)','12:20','14:10','1086'),
 (1346,'18101','DLI(Delhi)','JAT(Jammu Tawi)','21:35','14:10','653'),
 (1347,'18101','UMB(Ambala City JN)','JAT(Jammu Tawi)','02:59','14:10','455'),
 (1348,'18101','ASR(Amritsar)','JAT(Jammu Tawi)','07:50','14:10','206'),
 (1349,'18101','TATA(Tata)','BDL(Vindhyachal)','14:50','07:22','663'),
 (1350,'18101','TATA(Tata)','CNB(Kanpur Central)','14:50','12:20','940'),
 (1351,'18101','TATA(Tata)','DLI(Delhi)','14:50','21:35','1373'),
 (1352,'18101','TATA(Tata)','UMB(Ambala City JN)','14:50','02:59','1571'),
 (1353,'18101','TATA(Tata)','ASR(Amritsar)','14:50','07:50','1820'),
 (1354,'18101','BDL(Vindhyachal)','CNB(Kanpur Central)','07:22','12:20','277'),
 (1355,'18101','BDL(Vindhyachal)','DLI(Delhi)','07:22','21:35','710'),
 (1356,'18101','BDL(Vindhyachal)','UMB(Ambala City JN)','07:22','02:59','908'),
 (1357,'18101','BDL(Vindhyachal)','ASR(Amritsar)','07:22','07:50','1157'),
 (1358,'18101','CNB(Kanpur Central)','DLI(Delhi)','12:20','21:35','433'),
 (1359,'18101','CNB(Kanpur Central)','UMB(Ambala City JN)','12:20','02:59','631'),
 (1360,'18101','CNB(Kanpur Central)','ASR(Amritsar)','12:20','07:50','880'),
 (1361,'18101','DLI(Delhi)','UMB(Ambala City JN)','21:35','02:59','198'),
 (1362,'18101','DLI(Delhi)','ASR(Amritsar)','21:35','07:50','450'),
 (1363,'18101','UMB(Ambala City JN)','ASR(Amritsar)','02:59','07:50','252'),
 (1364,'11077','PUNE(Pune)','JAT(Jammu Tawi)','17:20','10:00','2177'),
 (1365,'11077','CSN(Chalisgaon JN)','JAT(Jammu Tawi)','00:33','10:00','1797'),
 (1366,'11077','ET(Itarsi JN)','JAT(Jammu Tawi)','07:10','10:00','1373'),
 (1367,'11077','JHS(Jhasi JN)','JAT(Jammu Tawi)','13:42','10:00','990'),
 (1368,'11077','GWL(Gwalior)','JAT(Jammu Tawi)','15:15','10:00','893'),
 (1369,'11077','NDLS(New Delhi)','JAT(Jammu Tawi)','20:45','10:00','581'),
 (1370,'11077','PNP(Panipat)','JAT(Jammu Tawi)','23:02','10:00','491'),
 (1371,'11077','LDH(Ludhiana JN)','JAT(Jammu Tawi)','03:35','10:00','270'),
 (1372,'11077','PUNE(Pune)','CSN(Chalisgaon JN)','17:20','00:33','380'),
 (1373,'11077','PUNE(Pune)','ET(Itarsi JN)','17:20','07:10','804'),
 (1374,'11077','PUNE(Pune)','JHS(Jhasi JN)','17:20','13:42','1187'),
 (1375,'11077','PUNE(Pune)','GWL(Gwalior)','17:20','15:15','1284'),
 (1376,'11077','PUNE(Pune)','NDLS(New Delhi)','17:20','20:45','1596'),
 (1377,'11077','PUNE(Pune)','PNP(Panipat)','17:20','23:02','1686'),
 (1378,'11077','PUNE(Pune)','LDH(Ludhiana JN)','17:20','03:35','1907'),
 (1379,'11077','CSN(Chalisgaon JN)','ET(Itarsi JN)','00:33','07:10','424'),
 (1380,'11077','CSN(Chalisgaon JN)','JHS(Jhasi JN)','00:33','13:42','807'),
 (1381,'11077','CSN(Chalisgaon JN)','GWL(Gwalior)','00:33','15:15','904'),
 (1382,'11077','CSN(Chalisgaon JN)','NDLS(New Delhi)','00:33','20:45','1216'),
 (1383,'11077','CSN(Chalisgaon JN)','PNP(Panipat)','00:33','23:02','1306'),
 (1384,'11077','CSN(Chalisgaon JN)','LDH(Ludhiana JN)','00:33','03:35','1527'),
 (1385,'11077','ET(Itarsi JN)','JHS(Jhasi JN)','07:10','13:42','383'),
 (1386,'11077','ET(Itarsi JN)','GWL(Gwalior)','07:10','15:15','480'),
 (1387,'11077','ET(Itarsi JN)','NDLS(New Delhi)','07:10','20:45','792'),
 (1388,'11077','ET(Itarsi JN)','PNP(Panipat)','07:10','23:02','882'),
 (1389,'11077','ET(Itarsi JN)','LDH(Ludhiana JN)','07:10','03:35','1103'),
 (1390,'11077','JHS(Jhasi JN)','GWL(Gwalior)','13:42','15:15','97'),
 (1391,'11077','JHS(Jhasi JN)','NDLS(New Delhi)','13:42','20:45','409'),
 (1392,'11077','JHS(Jhasi JN)','PNP(Panipat)','13:42','23:02','500'),
 (1393,'11077','JHS(Jhasi JN)','LDH(Ludhiana JN)','13:42','03:35','720'),
 (1394,'11077','GWL(Gwalior)','NDLS(New Delhi)','15:15','20:45','312'),
 (1395,'11077','GWL(Gwalior)','PNP(Panipat)','15:15','23:02','403'),
 (1396,'11077','GWL(Gwalior)','LDH(Ludhiana JN)','15:15','03:35','623'),
 (1397,'11077','NDLS(New Delhi)','PNP(Panipat)','20:45','23:02','91'),
 (1398,'11077','NDLS(New Delhi)','LDH(Ludhiana JN)','20:45','03;35','311'),
 (1399,'11077','PNP(Panipat)','LDH(Ludhiana JN)','23:02','03:35','220'),
 (1400,'12919','INDB(Indore City)','JAT(Jammu Tawi)','12:30','16:00','1540'),
 (1401,'12919','UJN(Ujjain JN)','JAT(Jammu Tawi)','13:50','16:00','1460'),
 (1402,'12919','BPL(Bhopal JN)','JAT(Jammu Tawi)','17:25','16:00','1277'),
 (1403,'12919','AGC(Agra Cantt JN)','JAT(Jammu Tawi)','01:20','16:00','770'),
 (1404,'12919','NDLS(New Delhi)','JAT(Jammu Tawi)','05:10','16;00','576'),
 (1405,'12919','KKDE(Kurukshetra)','JAT(Jammu Tawi)','08:08','16:00','419'),
 (1406,'12919','INDB(Indore City)','UJN(Ujjain JN)','12:30','13:50','80'),
 (1407,'12919','INDB(Indore City)','BPL(Bhopal JN)','12:30','17:25','263'),
 (1408,'12919','INDB(Indore City)','AGC(Agra Cantt JN)','12:30','01:20','770'),
 (1409,'12919','INDB(Indore City)','NDLS(New Delhi)','12:30','05:10','964'),
 (1410,'12919','INDB(Indore City)','KKDE(Kurukshetra)','12:30','08:08','1121'),
 (1411,'12919','UJN(Ujjain JN)','BPL(Bhopal JN)','13:50','17:25','183'),
 (1412,'12919','UJN(Ujjain JN)','AGC(Agra Cantt JN)','13:50','01:20','690'),
 (1413,'12919','UJN(Ujjain JN)','NDLS(New Delhi)','13:50','05:10','844'),
 (1414,'12919','UJN(Ujjain JN)','KKDE(Kurukshetra)','13:50','08:08','1041'),
 (1415,'12919','BPL(Bhopal JN)','AGC(Agra Cantt JN)','17:25','01:20','507'),
 (1416,'12919','BPL(Bhopal JN)','NDLS(New Delhi)','17:25','05:10','701'),
 (1417,'12919','BPL(Bhopal JN)','KKDE(Kurukshetra)','17:25','08:08','900'),
 (1418,'12919','AGC(Agra Cantt JN)','NDLS(New Delhi)','01:20','05:10','194'),
 (1419,'12919','AGC(Agra Cantt JN)','KKDE(Kurukshetra)','01:20','08:08','393'),
 (1420,'12919','NDLS(New Delhi)','KKDE(Kurukshetra)','05:10','08:08','200'),
 (1421,'12628','NDLS(New Delhi)','SBC(Bangalore City JN)','21:15','13:40','2406'),
 (1422,'12628','ET(Itarsi JN)','SBC(Bangalore City JN)','08:30','13:40','1613'),
 (1423,'12628','ANG(Ahmad Nagar)','SBC(Bangalore City JN)','18:27','13:40','970'),
 (1424,'12628','RC(Raichur)','SBC(Bangalore City JN)','04:18','13:40','441'),
 (1425,'12628','ATP(Anantapur)','SBC(Bangalore City JN)','08:18','13:40','234'),
 (1426,'12628','NDLS(New Delhi)','ET(Itarsi JN)','21:15','08:30','793'),
 (1427,'12628','NDLS(New Delhi)','ANG(Ahmad Nagar)','21:15','18:27','1436'),
 (1428,'12628','NDLS(New Delhi)','RC(Raichur)','21:15','04:18','1965'),
 (1429,'12628','NDLS(New Delhi)','ATP(Anantapur)','21:15','08:18','2172'),
 (1430,'12628','ET(Itarsi JN)','ANG(Ahmad Nagar)','08:30','18:27','643'),
 (1431,'12628','ET(Itarsi JN)','RC(Raichur)','08:30','04:18','1172'),
 (1432,'12628','ET(Itarsi JN)','ATP(Anantapur)','08:30','08:18','1380'),
 (1433,'12628','ANG(Ahmad Nagar)','RC(Raichur)','18:27','04:18','530'),
 (1434,'12628','ANG(Ahmad Nagar)','ATP(Anantapur)','18:27','08:18','736'),
 (1435,'12628','RC(Raichur)','ATP(Anantapur)','04:18','08:18','208'),
 (1436,'11123','BJU(Barauni JN)','GWL(Gwalior)','18:45','21:00','1057'),
 (1437,'11123','MFP(Muzaffarpur JN)','GWL(Gwalior)','21:28','21:00','954'),
 (1438,'11123','SV(Siwan JN)','GWL(Gwalior)','01:25','21:00','780'),
 (1439,'11123','GKP(Gorakhpur)','GWL(Gwalior)','04:40','21:00','661'),
 (1440,'11123','LKO(Lucknow)','GWL(Gwalior)','11:40','21:00','390'),
 (1441,'11123','CNB(Kanpur Central)','GWL(Gwalior)','13:35','21:00','317'),
 (1442,'11123','JHS(Jhasi JN)','GWL(Gwalior)','18:25','21:00','97'),
 (1443,'11123','BJU(Barauni JN)','MFP(Muzaffarpur JN)','18:45','21:28','103'),
 (1444,'11123','BJU(Barauni JN)','SV(Siwan JN)','18:45','01:25','277'),
 (1445,'11123','BJU(Barauni JN)','GKP(Gorakhpur)','18:45','04:40','396'),
 (1446,'11123','BJU(Barauni JN)','LKO(Lucknow)','18:45','11:40','667'),
 (1447,'11123','BJU(Barauni JN)','CNB(Kanpur Central)','18:45','13:35','740'),
 (1448,'11123','BJU(Barauni JN)','JHS(Jhasi JN)','18:45','18:25','960'),
 (1449,'11123','MFP(Muzaffarpur JN)','SV(Siwan JN)','21:28','01:25','174'),
 (1450,'11123','MFP(Muzaffarpur JN)','GKP(Gorakhpur)','21:28','04:40','293'),
 (1451,'11123','MFP(Muzaffarpur JN)','LKO(Lucknow)','21:28','11:40','564'),
 (1452,'11123','MFP(Muzaffarpur JN)','CNB(Kanpur Central)','21:28','13:35','637'),
 (1453,'11123','MFP(Muzaffarpur JN)','JHS(Jhasi JN)','21:28','18:25','857'),
 (1454,'11123','SV(Siwan JN)','GKP(Gorakhpur)','01:25','04:40','119'),
 (1455,'11123','SV(Siwan JN)','LKO(Lucknow)','01:25','11:40','390'),
 (1456,'11123','SV(Siwan JN)','CNB(Kanpur Central)','01:25','13:35','463'),
 (1457,'11123','SV(Siwan JN)','JHS(Jhasi JN)','01:25','18:25','683'),
 (1458,'11123','GKP(Gorakhpur)','LKO(Lucknow)','04:40','11:40','271'),
 (1459,'11123','GKP(Gorakhpur)','CNB(Kanpur Central)','04:40','13:35','344'),
 (1460,'11123','GKP(Gorakhpur)','JHS(Jhasi JN)','04:40','18:25','564'),
 (1461,'11123','LKO(Lucknow)','CNB(Kanpur Central)','11:40','13:35','82'),
 (1462,'11123','LKO(Lucknow)','JHS(Jhasi JN)','11:40','18:25','293'),
 (1463,'11123','CNB(Kanpur Central)','JHS(Jhasi JN)','13:35','18:25','220'),
 (1464,'12642','NZM(H Nizammudin)','CAPE(Kanyakumari)','07:20','08:45','2919'),
 (1465,'12642','NGP(Nagpur)','CAPE(Kanyakumari)','00:05','08:45','1836'),
 (1466,'12642','MS(Chennai Egmore)','CAPE(Kanyakumari)','18:05','08:45','741'),
 (1467,'12642','TPJ(Tiruchchirapali)','CAPE(Kanyakumari)','00:50','08:45','405'),
 (1468,'12642','MDU(Madurai)','CAPE(Kanyakumari)','03:20','08:45','245'),
 (1469,'12642','NZM(H Nizammudin)','NGP(Nagpur)','07:20','00:05','1083'),
 (1470,'12642','NZM(H Nizammudin)','MS(Chennai Egmore)','07:20','18:05','2178'),
 (1471,'12642','NZM(H Nizammudin)','TPJ(Tiruchchirapali)','07:20','00:50','2514'),
 (1472,'12642','NZM(H Nizammudin)','MDU(Madurai)','07:20','03:20','2674'),
 (1473,'12642','NGP(Nagpur)','MS(Chennai Egmore)','00:05','18:05','1095'),
 (1474,'12642','NGP(Nagpur)','TPJ(Tiruchchirapali)','00:05','00:50','1431'),
 (1475,'12642','NGP(Nagpur)','MDU(Madurai)','00:05','03:20','1591'),
 (1476,'12642','MS(Chennai Egmore)','TPJ(Tiruchchirapali)','18:05','00:50','336'),
 (1477,'12642','MS(Chennai Egmore)','MDU(Madurai)','18:05','03:20','496'),
 (1478,'12642','TPJ(Tiruchchirapali)','MDU(Madurai)','00:50','03:20','160'),
 (1479,'12622','NDLS(New Delhi)','MAS(Chennai Central)','22:30','07:15','2184'),
 (1480,'12622','BPL(Bhopal JN)','MAS(Chennai Central)','08:00','07:15','1483'),
 (1481,'12622','NGP(Nagpur)','MAS(Chennai Central)','14:15','07:15','1094'),
 (1482,'12622','WL(Warangal)','MAS(Chennai Central)','20:48','07:15','640'),
 (1483,'12622','BZA(Vijayvada)','MAS(Chennai Central)','00:15','07:15','430'),
 (1484,'12622','NDLS(New Delhi)','BPL(Bhopal JN)','22:30','08:00','701'),
 (1485,'12622','NDLS(New Delhi)','NGP(Nagpur)','22:30','14:15','1090'),
 (1486,'12622','NDLS(New Delhi)','WL(Warangal)','22:30','20:48','1545'),
 (1487,'12622','NDLS(New Delhi)','BZA(Vijayvada)','22:30','00:15','1754'),
 (1488,'12622','BPL(Bhopal JN)','NGP(Nagpur)','08:00','14:15','390'),
 (1489,'12622','BPL(Bhopal JN)','WL(Warangal)','08:00','20:48','845'),
 (1490,'12622','BPL(Bhopal JN)','BZA(Vijayvada)','08:00','00:15','1053'),
 (1491,'12622','NGP(Nagpur)','WL(Warangal)','14:15','20:48','455'),
 (1492,'12622','NGP(Nagpur)','BZA(Vijayvada)','14:15','00:15','663'),
 (1493,'12622','WL(Warangal)','BZA(Vijayvada)','20:48','00:15','208'),
 (1494,'12623','MAS(Chennai Central)','NDLS(New Delhi)','07:15','13:23','2184'),
 (1495,'12623','MAS(Chennai Central)','BPL(Bhopal JN)','07:15','04:44','1483'),
 (1496,'12623','MAS(Chennai Central)','NGP(Nagpur)','07:15','00:15','1094'),
 (1497,'12623','MAS(Chennai Central)','WL(Warangal)','07:15','16:30','640'),
 (1498,'12623','MAS(Chennai Central)','BZA(Vijayvada)','07:15','12:15','430'),
 (1499,'12623','BZA(Vijayvada)','NDLS(New Delhi)','12:15','13:23','1754'),
 (1500,'12623','BZA(Vijayvada)','BPL(Bhopal JN)','12:15','04:44','1053'),
 (1501,'12623','BZA(Vijayvada)','WL(Warangal)','12:15','16:30','208'),
 (1502,'12623','BZA(Vijayvada)','NGP(Nagpur)','12:15','00:15','663'),
 (1503,'12623','WL(Warangal)','NDLS(New Delhi)','16:30','13:23','1545'),
 (1504,'12623','WL(Warangal)','BPL(Bhopal JN)','16:30','04:44','845'),
 (1505,'12623','WL(Warangal)','NGP(Nagpur)','16:30','00:15','455'),
 (1506,'12623','NGP(Nagpur)','BPL(Bhopal JN)','00:15','04:44','390'),
 (1507,'12623','NGP(Nagpur)','NDLS(New Delhi)','00:15','13:23','1090'),
 (1508,'12623','BPL(Bhopal JN)','NDLS(New Delhi)','04:44','13:23','701'),
 (1509,'12643','CAPE(Kanyakumari)','MDU(Madurai)','20:45','01:20','245'),
 (1510,'12643','CAPE(Kanyakumari)','TPJ(Tiruchchirapali)','20:45','04:30','405'),
 (1511,'12643','CAPE(Kanyakumari)','MS(Chennai Egmore)','20:45','11:55','741'),
 (1512,'12643','CAPE(Kanyakumari)','NGP(Nagpur)','20:45','06:30','1095'),
 (1513,'12643','CAPE(Kanyakumari)','NZM(H Nizammudin)','20:45','13:05','2919'),
 (1514,'12643','MDU(Madurai)','TPJ(Tiruchchirapali)','01:20','04:30','160'),
 (1515,'12643','MDU(Madurai)','MS(Chennai Egmore)','01:20','11:55','496'),
 (1516,'12643','MDU(Madurai)','NGP(Nagpur)','01:20','06:30','1591'),
 (1517,'12643','MDU(Madurai)','NZM(H Nizammudin)','01:20','13:05','2674'),
 (1518,'12643','TPJ(Tiruchchirapali)','MS(Chennai Egmore)','04:30','11:55','336'),
 (1519,'12643','TPJ(Tiruchchirapali)','NGP(Nagpur)','04:30','06:30','1431'),
 (1520,'12643','TPJ(Tiruchchirapali)','NZM(H Nizammudin)','04:30','13:05','2514'),
 (1521,'12643','MS(Chennai Egmore)','NGP(Nagpur)','11:55','06:30','1095'),
 (1522,'12643','MS(Chennai Egmore)','NZM(H Nizammudin)','11:55','13:05','2178'),
 (1523,'12643','NGP(Nagpur)','NZM(H Nizammudin)','06:30','13:05','1083'),
 (1524,'13237','PNB(patna)','KOTA','12:00','04:00','1200'),
 (1525,'13238','KOTA','PNB','03:00','1:00','1200'),
 (1526,'19302','LKO(lucknow)','KNP(kanpur)','08:00','10:00','80');
/*!40000 ALTER TABLE `time_schedule` ENABLE KEYS */;


--
-- Definition of table `train_schedule`
--

DROP TABLE IF EXISTS `train_schedule`;
CREATE TABLE `train_schedule` (
  `train_no` int(10) unsigned NOT NULL,
  `train_name` varchar(45) NOT NULL,
  `coach_sl` varchar(45) default NULL,
  `coach_ac` varchar(45) default NULL,
  `coach_cc` varchar(45) default NULL,
  `seat_sl` int(10) unsigned default NULL,
  `seat_ac` int(10) unsigned default NULL,
  `seat_cc` int(10) unsigned default NULL,
  PRIMARY KEY  (`train_no`)
) ENGINE=InnoDB DEFAULT CHARSET=latin1;

--
-- Dumping data for table `train_schedule`
--

/*!40000 ALTER TABLE `train_schedule` DISABLE KEYS */;
INSERT INTO `train_schedule` (`train_no`,`train_name`,`coach_sl`,`coach_ac`,`coach_cc`,`seat_sl`,`seat_ac`,`seat_cc`) VALUES 
 (11077,'JHELUM EXPRESS','10','5','3',200,100,60),
 (11123,'BJU GWL MAIL','10','7','3',200,120,60),
 (12003,'LKO SWRAN SHTBD','10','6','3',200,120,60),
 (12304,'POORVA EXPRESS','10','4','2',200,80,40),
 (12305,'KOLKATA RAJDHNI','5','12','2',100,240,40),
 (12533,'PUSHPAK EXP','12','6','4',240,120,80),
 (12541,'GKP LTT SUP EXP','12','6','5',240,120,100),
 (12553,'VASHALI EXPRESS','10','5','5',200,100,100),
 (12554,'SHRAM SHKTI EXP','14','5','2',280,100,40),
 (12555,'GORAKHDHAM EXPRESS','8','5','5',160,100,100),
 (12622,'TAMIL NADU EXP','10','8','3',200,160,60),
 (12623,'TAMIL NADU EXP','12','6','3',240,120,60),
 (12628,'KARNATAKA EXPRESS','10','6','4',200,120,80),
 (12642,'THIRUKKAL EXP','12','5','3',240,100,60),
 (12643,'THIRUKKAL EXP','12','5','2',240,100,40),
 (12650,'KTK SMPRK K EXP','12','6','4',240,120,140),
 (12802,'PURSHOTTAM EXP','12','4','2',240,80,40),
 (12919,'MALWA EXPRESS','8','8','4',160,160,80),
 (13237,'PNB KOTA EXP','12','6','6',240,100,140),
 (13238,'KOTA PNB EXP','12','6','6',240,100,140),
 (14723,'KALINDI EXPRESS','10','4','6',200,80,120),
 (15707,'KIR ASR EXPRESS','12','6','7',240,120,140),
 (18101,'TATA JAT EXP','12','6','2',240,120,40);
/*!40000 ALTER TABLE `train_schedule` ENABLE KEYS */;


--
-- Definition of table `userdetails`
--

DROP TABLE IF EXISTS `userdetails`;
CREATE TABLE `userdetails` (
  `username` varchar(100) NOT NULL,
  `f_name` varchar(100) NOT NULL,
  `l_name` varchar(100) NOT NULL,
  `gender` varchar(45) NOT NULL,
  `email` varchar(100) NOT NULL,
  `mob` decimal(10,0) NOT NULL,
  `marital` varchar(45) NOT NULL,
  `security_que` varchar(45) NOT NULL,
  `security_ans` varchar(45) NOT NULL,
  `addresss` varchar(100) NOT NULL,
  `city` varchar(45) NOT NULL,
  `state` varchar(45) NOT NULL,
  `zipcode` decimal(6,0) NOT NULL,
  PRIMARY KEY  (`username`)
) ENGINE=InnoDB DEFAULT CHARSET=latin1;

--
-- Dumping data for table `userdetails`
--

/*!40000 ALTER TABLE `userdetails` DISABLE KEYS */;
INSERT INTO `userdetails` (`username`,`f_name`,`l_name`,`gender`,`email`,`mob`,`marital`,`security_que`,`security_ans`,`addresss`,`city`,`state`,`zipcode`) VALUES 
 ('akshay','akshay','srivastava','male','ak123@gmail.com','9901420921','unmaried','Whats is your favorite colour?','white','mahanagar,lucknow','Lucknow','UP','22001'),
 ('anumeha','anumeha','asthana','female','anu234@gmail.com','9988774422','unmaried','Whats is your favorite colour?','pink','varanasi','varanasi','UP','22002'),
 ('ravi','ravi shankar','dubey','male','ravi456@gmail.com','9902420921','unmaried','Whats is your favorite colour?','blue','varanasi','varanasi','UP','22003'),
 ('shivangi','shivangi','singh','female','shivi345@gmail.com','8877665544','unmaried','Whats is your favorite colour?','black','lucknow','Lucknow','UP','22001'),
 ('sushmna','sushmna','khare','female','sush678@gmail.com','9954414851','unmaried','Whats is your favorite colour?','red','lucknow','Lucknow','UP','22001'),
 ('yogendra','yogendra','kumar','male','yogi567@gmail.com','9903420921','unmaried','Whats is your favorite colour?','skyblue','raibareli','raibareli','UP','22005');
/*!40000 ALTER TABLE `userdetails` ENABLE KEYS */;




/*!40101 SET SQL_MODE=@OLD_SQL_MODE */;
/*!40014 SET FOREIGN_KEY_CHECKS=@OLD_FOREIGN_KEY_CHECKS */;
/*!40014 SET UNIQUE_CHECKS=@OLD_UNIQUE_CHECKS */;
/*!40101 SET CHARACTER_SET_CLIENT=@OLD_CHARACTER_SET_CLIENT */;
/*!40101 SET CHARACTER_SET_RESULTS=@OLD_CHARACTER_SET_RESULTS */;
/*!40101 SET COLLATION_CONNECTION=@OLD_COLLATION_CONNECTION */;
/*!40101 SET CHARACTER_SET_CLIENT=@OLD_CHARACTER_SET_CLIENT */;
