<?xml version="1.0" encoding="UTF-8"?>
<project-private xmlns="http://www.netbeans.org/ns/project-private/1">
    <editor-bookmarks xmlns="http://www.netbeans.org/ns/editor-bookmarks/2" lastBookmarkId="0"/>
    <open-files xmlns="http://www.netbeans.org/ns/projectui-open-files/2">
        <group>
            <file>file:/D:/java/railway%20project/Railways/web/bankselection.jsp</file>
            <file>file:/D:/java/railway%20project/Railways/web/fetch_all_cities.jsp</file>
            <file>file:/D:/java/railway%20project/Railways/web/account.jsp</file>
            <file>file:/D:/java/railway%20project/Railways/web/reservation.jsp</file>
            <file>file:/D:/java/railway%20project/Railways/web/common.js</file>
            <file>file:/D:/java/railway%20project/Railways/web/last_page.jsp</file>
            <file>file:/D:/java/railway%20project/Railways/src/java/p1/insert.java</file>
            <file>file:/D:/java/railway%20project/Railways/src/java/p1/Login_Create_Logic.java</file>
            <file>file:/D:/java/railway%20project/Railways/web/credits.jsp</file>
            <file>file:/D:/java/railway%20project/Railways/web/ResetPass.jsp</file>
            <file>file:/D:/java/railway%20project/Railways/web/enter_user_details.jsp</file>
            <file>file:/D:/java/railway%20project/Railways/web/insert.jsp</file>
        </group>
    </open-files>
</project-private>
